"","cat.pref","male","age","eth","income","state","id"
"1",0,1,6,2,1,26,1
"2",1,0,6,1,2,1,2
"3",0,0,4,3,2,20,3
"4",1,0,7,1,1,34,4
"5",0,1,7,1,1,15,5
"6",0,0,6,2,2,19,6
"7",0,1,4,2,1,25,7
"8",1,0,4,1,2,26,8
"9",0,0,1,3,2,26,9
"10",1,0,6,3,1,26,10
"11",1,0,6,2,3,10,11
"12",1,1,5,3,1,17,12
"13",0,0,6,1,3,26,13
"14",1,0,6,3,3,26,14
"15",1,0,7,3,1,15,15
"16",1,0,4,3,3,7,16
"17",0,0,7,3,3,29,17
"18",1,0,7,2,1,26,18
"19",1,0,6,2,1,12,19
"20",1,1,1,3,1,6,20
"21",0,0,7,3,2,26,21
"22",1,0,6,3,2,15,22
"23",0,0,7,3,1,42,23
"24",0,0,6,1,2,23,24
"25",0,0,5,1,2,34,25
"26",0,1,5,1,1,12,26
"27",1,0,7,3,3,31,27
"28",1,0,6,3,1,6,28
"29",1,0,4,2,3,47,29
"30",1,1,7,3,1,45,30
"31",1,0,6,3,2,44,31
"32",0,0,6,3,2,20,32
"33",0,0,6,1,1,45,33
"34",1,0,6,3,2,1,34
"35",0,0,7,1,2,12,35
"36",1,0,4,3,1,6,36
"37",0,0,5,1,1,23,37
"38",1,0,7,3,2,15,38
"39",1,0,7,1,1,37,39
"40",1,1,7,3,1,25,40
"41",1,0,6,2,1,20,41
"42",1,1,6,3,2,8,42
"43",0,1,6,2,2,34,43
"44",0,0,4,2,1,33,44
"45",1,0,3,1,2,32,45
"46",1,0,7,2,1,12,46
"47",1,0,7,3,1,45,47
"48",1,1,7,1,1,49,48
"49",1,0,2,3,1,4,49
"50",1,1,7,1,2,31,50
"51",0,0,7,1,1,37,51
"52",1,1,1,3,3,1,52
"53",0,0,1,1,2,50,53
"54",1,0,7,3,2,8,54
"55",0,0,3,1,3,31,55
"56",1,0,6,2,2,32,56
"57",1,0,3,3,2,24,57
"58",1,1,5,3,2,28,58
"59",1,0,7,3,3,32,59
"60",1,0,7,3,3,4,60
"61",1,0,6,3,2,50,61
"62",1,0,7,3,1,26,62
"63",0,1,1,1,2,23,63
"64",1,0,7,3,1,34,64
"65",0,0,7,3,2,30,65
"66",0,1,7,3,2,17,66
"67",0,0,6,3,1,12,67
"68",1,0,5,1,1,50,68
"69",1,0,1,3,3,40,69
"70",0,0,3,1,2,25,70
"71",1,1,7,1,3,34,71
"72",0,1,6,1,2,14,72
"73",1,1,7,3,1,32,73
"74",0,0,7,3,1,49,74
"75",0,0,3,1,1,20,75
"76",1,0,4,1,3,43,76
"77",0,1,6,3,2,1,77
"78",1,1,7,3,1,37,78
"79",1,1,6,3,2,15,79
"80",0,0,7,1,3,17,80
"81",1,0,4,1,1,45,81
"82",1,1,6,1,1,45,82
"83",0,1,4,1,2,40,83
"84",1,1,3,2,1,43,84
"85",0,0,3,3,2,31,85
"86",0,1,4,2,2,29,86
"87",0,1,1,3,1,23,87
"88",1,1,6,3,1,22,88
"89",1,0,7,3,1,2,89
"90",1,0,6,1,2,24,90
"91",1,0,6,1,1,29,91
"92",1,1,3,3,1,9,92
"93",1,0,6,3,1,47,93
"94",1,0,6,3,2,13,94
"95",1,0,5,3,1,46,95
"96",0,1,1,3,1,29,96
"97",1,0,7,2,3,36,97
"98",1,0,7,3,2,13,98
"99",1,0,5,1,1,25,99
"100",1,0,6,3,1,5,100
"101",1,0,5,2,1,35,101
"102",1,0,7,1,1,15,102
"103",1,0,3,1,3,46,103
"104",1,1,7,3,2,20,104
"105",1,0,6,3,2,45,105
"106",1,0,4,2,3,23,106
"107",1,0,4,3,1,50,107
"108",0,1,7,1,1,23,108
"109",1,0,7,3,1,13,109
"110",1,0,5,2,3,28,110
"111",1,0,7,3,2,45,111
"112",1,0,6,3,1,40,112
"113",0,1,6,1,1,3,113
"114",1,0,7,3,1,39,114
"115",1,0,7,1,1,44,115
"116",0,0,5,1,2,23,116
"117",0,1,4,1,2,4,117
"118",1,0,7,3,3,43,118
"119",0,0,7,3,1,46,119
"120",1,0,6,2,2,42,120
"121",1,0,7,3,1,28,121
"122",1,0,7,3,2,6,122
"123",1,0,4,1,2,39,123
"124",1,0,6,1,2,11,124
"125",0,0,7,1,1,29,125
"126",1,1,7,1,1,37,126
"127",1,1,7,1,1,21,127
"128",0,1,7,1,3,25,128
"129",1,1,1,1,1,11,129
"130",0,1,1,3,2,10,130
"131",1,0,7,3,3,42,131
"132",0,0,5,3,2,36,132
"133",1,0,6,1,1,11,133
"134",1,0,7,1,2,32,134
"135",1,0,3,3,1,23,135
"136",1,0,7,1,2,4,136
"137",0,0,5,1,2,14,137
"138",0,0,6,1,1,37,138
"139",1,0,1,1,3,35,139
"140",0,0,6,1,2,1,140
"141",1,0,6,3,1,50,141
"142",1,0,7,3,2,29,142
"143",1,0,4,3,1,23,143
"144",1,0,6,3,1,28,144
"145",1,1,7,1,1,28,145
"146",1,0,6,3,2,20,146
"147",1,0,7,2,2,12,147
"148",1,0,7,2,2,15,148
"149",0,0,4,1,1,4,149
"150",1,0,7,1,3,45,150
"151",0,0,7,3,3,18,151
"152",0,0,6,3,1,37,152
"153",1,1,5,3,2,24,153
"154",1,0,6,3,1,31,154
"155",1,0,4,3,2,35,155
"156",0,0,3,3,1,23,156
"157",0,0,7,3,1,11,157
"158",1,0,7,3,1,11,158
"159",1,0,5,1,3,40,159
"160",1,0,6,3,1,22,160
"161",1,0,7,1,3,4,161
"162",1,0,4,3,2,28,162
"163",1,0,6,3,2,43,163
"164",1,0,7,3,1,34,164
"165",0,0,1,3,1,25,165
"166",1,1,5,3,3,50,166
"167",1,0,6,1,2,20,167
"168",1,0,2,1,1,40,168
"169",0,0,7,3,1,26,169
"170",0,0,5,1,2,4,170
"171",1,0,7,3,1,27,171
"172",0,1,6,3,1,50,172
"173",0,1,7,2,1,26,173
"174",1,1,3,3,1,20,174
"175",1,0,3,3,1,49,175
"176",1,1,7,1,1,50,176
"177",1,0,4,1,2,23,177
"178",0,1,6,3,1,23,178
"179",0,0,7,2,2,50,179
"180",1,0,6,3,1,13,180
"181",1,0,7,3,2,40,181
"182",0,1,4,2,1,42,182
"183",1,0,6,3,1,40,183
"184",1,0,7,1,1,47,184
"185",1,0,6,3,3,29,185
"186",0,1,2,3,1,32,186
"187",1,0,1,3,1,45,187
"188",1,0,6,3,2,37,188
"189",0,1,6,1,2,50,189
"190",1,1,3,3,1,40,190
"191",1,0,6,1,2,37,191
"192",1,0,7,3,2,13,192
"193",0,1,7,3,1,29,193
"194",1,0,7,1,2,28,194
"195",1,0,7,3,2,25,195
"196",0,0,2,3,1,42,196
"197",1,0,5,1,1,33,197
"198",0,0,4,3,1,6,198
"199",1,0,6,3,2,23,199
"200",1,0,7,3,2,13,200
"201",1,0,3,3,2,43,201
"202",1,0,6,3,1,10,202
"203",1,0,7,3,1,30,203
"204",1,0,3,3,2,45,204
"205",0,0,7,3,3,13,205
"206",1,1,4,1,1,28,206
"207",0,0,6,1,2,29,207
"208",1,0,1,3,1,40,208
"209",1,0,6,3,1,29,209
"210",0,1,1,3,1,11,210
"211",1,0,1,2,3,25,211
"212",1,0,7,3,1,10,212
"213",1,0,4,3,1,45,213
"214",1,0,6,1,1,37,214
"215",1,0,4,3,2,11,215
"216",1,0,5,3,2,11,216
"217",0,1,4,3,1,31,217
"218",0,1,5,2,2,23,218
"219",1,1,7,3,1,29,219
"220",0,1,7,1,1,42,220
"221",1,0,5,3,2,25,221
"222",1,1,6,3,1,34,222
"223",1,0,6,1,2,11,223
"224",0,0,5,1,2,26,224
"225",1,0,5,2,2,23,225
"226",1,0,6,3,1,20,226
"227",0,0,3,3,1,7,227
"228",0,1,7,1,1,25,228
"229",0,1,5,3,3,23,229
"230",0,0,3,3,3,17,230
"231",1,0,3,2,1,40,231
"232",1,1,5,1,2,28,232
"233",1,0,5,3,1,45,233
"234",0,1,5,2,1,17,234
"235",1,0,1,1,1,24,235
"236",1,0,6,1,3,12,236
"237",1,0,7,2,1,43,237
"238",0,0,5,3,1,43,238
"239",1,1,6,3,1,24,239
"240",1,0,6,3,3,23,240
"241",1,0,1,1,3,32,241
"242",1,1,4,3,2,11,242
"243",0,0,6,3,1,11,243
"244",0,1,4,1,1,38,244
"245",1,0,2,3,1,34,245
"246",1,0,6,3,1,2,246
"247",1,0,4,3,1,32,247
"248",1,1,6,3,2,31,248
"249",1,1,7,1,2,23,249
"250",1,0,7,3,2,49,250
"251",1,0,7,3,1,23,251
"252",1,0,6,3,1,36,252
"253",0,0,2,2,1,42,253
"254",0,0,5,1,1,28,254
"255",0,0,4,1,1,28,255
"256",1,0,7,3,1,5,256
"257",1,1,7,3,1,46,257
"258",0,1,7,3,1,26,258
"259",1,0,1,2,1,44,259
"260",1,0,7,3,2,50,260
"261",1,0,4,1,3,22,261
"262",1,0,6,1,2,43,262
"263",0,0,1,3,1,44,263
"264",1,1,6,3,1,32,264
"265",0,1,4,3,1,1,265
"266",1,0,5,3,1,15,266
"267",1,0,4,2,1,29,267
"268",1,0,6,3,1,26,268
"269",1,0,6,3,1,42,269
"270",1,0,1,3,2,26,270
"271",0,0,1,3,2,45,271
"272",0,0,3,1,2,22,272
"273",1,0,6,3,2,5,273
"274",0,0,7,3,1,26,274
"275",1,0,1,1,1,24,275
"276",1,0,6,2,1,15,276
"277",1,0,4,2,1,25,277
"278",1,1,3,3,2,37,278
"279",1,1,5,2,1,23,279
"280",1,0,5,2,3,21,280
"281",1,1,7,3,2,29,281
"282",1,0,7,1,1,25,282
"283",0,1,4,1,1,47,283
"284",1,0,5,3,1,3,284
"285",1,0,7,1,3,40,285
"286",0,0,6,1,2,21,286
"287",0,0,4,1,1,17,287
"288",1,0,6,1,1,28,288
"289",0,1,4,3,3,29,289
"290",1,1,6,3,2,8,290
"291",1,0,7,3,1,36,291
"292",1,0,7,1,2,34,292
"293",1,0,7,3,2,42,293
"294",1,1,7,3,1,43,294
"295",1,0,7,1,1,1,295
"296",0,1,5,3,1,42,296
"297",1,0,3,3,1,25,297
"298",1,0,3,1,3,1,298
"299",1,0,4,3,1,24,299
"300",1,0,6,3,2,12,300
"301",1,0,3,3,1,40,301
"302",0,0,1,1,1,28,302
"303",0,0,4,1,3,3,303
"304",1,0,4,3,1,20,304
"305",1,0,4,1,1,29,305
"306",1,1,6,3,1,6,306
"307",0,1,4,1,1,8,307
"308",1,0,3,3,1,20,308
"309",1,1,4,3,1,14,309
"310",0,0,7,1,2,26,310
"311",0,1,7,3,1,2,311
"312",1,1,3,3,2,20,312
"313",0,1,6,1,2,42,313
"314",0,0,5,2,2,43,314
"315",1,0,1,3,2,24,315
"316",1,0,7,1,2,31,316
"317",1,0,6,2,1,1,317
"318",0,0,5,3,1,42,318
"319",1,0,4,2,2,31,319
"320",1,1,7,3,3,21,320
"321",1,0,4,1,1,15,321
"322",1,0,7,1,3,3,322
"323",0,1,6,3,1,12,323
"324",1,0,7,1,2,11,324
"325",1,0,5,1,1,12,325
"326",0,1,1,1,2,45,326
"327",0,1,7,3,1,12,327
"328",1,0,5,3,2,42,328
"329",0,1,6,1,2,23,329
"330",0,0,6,3,2,37,330
"331",1,0,7,3,3,15,331
"332",0,0,7,3,1,28,332
"333",0,0,4,1,2,48,333
"334",1,0,7,2,3,33,334
"335",1,1,6,2,1,43,335
"336",1,0,6,3,1,37,336
"337",0,0,3,1,3,42,337
"338",1,1,7,3,1,21,338
"339",1,0,7,2,1,4,339
"340",1,0,6,3,1,20,340
"341",1,0,7,3,1,49,341
"342",1,0,7,3,3,37,342
"343",1,0,5,1,1,11,343
"344",0,0,4,2,3,45,344
"345",0,0,1,3,1,29,345
"346",1,0,7,3,1,20,346
"347",0,0,6,2,2,30,347
"348",1,0,7,1,2,45,348
"349",1,0,1,3,1,20,349
"350",1,0,6,1,2,50,350
"351",1,0,6,3,1,29,351
"352",1,0,7,3,1,19,352
"353",1,0,4,3,1,4,353
"354",0,1,5,1,2,44,354
"355",1,0,1,3,3,37,355
"356",1,1,4,3,3,23,356
"357",1,0,6,3,1,12,357
"358",1,0,7,3,1,5,358
"359",1,1,6,1,2,47,359
"360",1,0,7,3,1,34,360
"361",1,0,7,3,3,47,361
"362",1,0,1,3,1,10,362
"363",1,0,7,1,2,17,363
"364",1,1,3,3,3,11,364
"365",0,0,7,1,2,29,365
"366",0,0,7,1,1,31,366
"367",0,1,7,2,2,42,367
"368",0,0,5,3,1,34,368
"369",0,0,1,3,1,12,369
"370",1,0,6,3,3,37,370
"371",0,1,1,1,1,3,371
"372",1,0,4,3,1,23,372
"373",1,0,1,2,1,50,373
"374",1,0,5,3,2,23,374
"375",1,0,1,3,2,1,375
"376",1,0,4,3,1,47,376
"377",1,0,6,2,1,1,377
"378",1,1,5,2,2,9,378
"379",0,1,4,3,1,25,379
"380",0,1,6,3,2,1,380
"381",0,1,4,1,2,29,381
"382",1,0,4,3,1,34,382
"383",1,0,7,1,1,20,383
"384",1,0,6,3,1,20,384
"385",1,0,5,1,2,8,385
"386",0,1,6,3,3,25,386
"387",0,1,7,3,2,26,387
"388",0,0,5,1,2,34,388
"389",1,1,5,1,2,15,389
"390",1,0,7,3,2,31,390
"391",0,1,7,2,1,45,391
"392",0,0,7,2,1,29,392
"393",1,0,7,2,1,4,393
"394",0,0,4,3,1,25,394
"395",0,0,6,2,1,6,395
"396",0,0,6,1,2,45,396
"397",1,1,6,2,1,20,397
"398",0,1,7,1,1,46,398
"399",1,0,5,1,1,1,399
"400",1,0,7,1,1,20,400
"401",1,0,1,3,1,5,401
"402",1,0,7,1,1,43,402
"403",0,0,1,3,2,31,403
"404",0,0,6,1,1,29,404
"405",0,0,6,1,2,4,405
"406",1,0,7,1,1,6,406
"407",1,0,4,3,2,6,407
"408",1,0,5,3,2,39,408
"409",0,1,3,3,1,11,409
"410",0,0,5,1,2,6,410
"411",0,1,6,3,2,25,411
"412",1,1,7,2,2,32,412
"413",1,0,6,3,1,6,413
"414",1,1,7,3,1,21,414
"415",1,1,7,3,1,43,415
"416",1,0,7,1,2,8,416
"417",1,1,1,3,2,37,417
"418",1,1,7,1,1,38,418
"419",0,0,4,3,1,37,419
"420",1,1,7,3,2,42,420
"421",0,0,1,1,1,17,421
"422",0,0,3,3,2,37,422
"423",0,0,7,1,3,42,423
"424",1,0,7,3,1,49,424
"425",0,1,6,1,1,17,425
"426",1,0,6,2,3,28,426
"427",1,0,6,2,2,1,427
"428",1,0,7,1,2,40,428
"429",0,0,3,3,1,26,429
"430",1,1,7,3,1,33,430
"431",1,0,6,1,1,10,431
"432",1,0,3,1,1,37,432
"433",0,0,1,1,1,11,433
"434",1,0,7,1,1,10,434
"435",1,1,3,3,1,42,435
"436",0,0,4,1,1,29,436
"437",1,0,6,1,2,31,437
"438",0,1,7,3,2,12,438
"439",0,1,4,1,2,42,439
"440",0,0,7,3,3,28,440
"441",1,1,7,1,1,40,441
"442",1,0,7,3,1,8,442
"443",0,1,5,3,1,7,443
"444",1,0,1,3,2,12,444
"445",1,0,7,1,3,40,445
"446",0,0,5,1,2,44,446
"447",1,0,1,3,2,23,447
"448",1,0,3,1,2,5,448
"449",1,1,4,2,2,46,449
"450",1,0,5,3,1,12,450
"451",1,0,6,3,3,45,451
"452",1,1,7,1,1,28,452
"453",1,0,4,3,1,32,453
"454",1,0,5,2,1,18,454
"455",0,0,6,3,2,45,455
"456",0,0,7,1,3,29,456
"457",0,1,4,1,3,31,457
"458",1,0,3,3,1,11,458
"459",1,0,4,3,1,45,459
"460",1,0,7,1,1,40,460
"461",1,0,5,3,3,37,461
"462",1,0,7,1,2,32,462
"463",1,0,6,1,2,21,463
"464",1,0,7,3,1,50,464
"465",1,0,7,3,2,28,465
"466",1,0,6,3,1,47,466
"467",1,0,7,3,2,29,467
"468",1,0,7,3,2,37,468
"469",1,0,6,3,1,24,469
"470",1,1,7,3,2,24,470
"471",1,0,1,1,1,13,471
"472",1,0,7,1,2,1,472
"473",1,0,6,3,3,2,473
"474",1,0,4,3,1,28,474
"475",1,0,5,1,2,29,475
"476",0,1,6,1,2,10,476
"477",0,1,1,2,2,47,477
"478",1,0,3,3,3,37,478
"479",1,0,6,3,2,1,479
"480",1,0,6,1,1,21,480
"481",0,1,5,3,2,13,481
"482",0,0,4,2,2,23,482
"483",1,0,6,3,2,25,483
"484",0,1,5,3,2,13,484
"485",1,0,7,1,1,45,485
"486",1,0,4,1,1,5,486
"487",1,0,7,3,3,40,487
"488",1,0,6,3,1,9,488
"489",0,0,7,2,1,42,489
"490",1,1,6,2,3,28,490
"491",0,0,7,3,3,1,491
"492",0,1,7,2,1,22,492
"493",0,0,6,3,1,16,493
"494",0,1,5,3,3,29,494
"495",1,0,3,3,1,28,495
"496",0,1,7,1,2,47,496
"497",0,0,7,3,2,30,497
"498",0,0,7,3,2,4,498
"499",1,0,7,3,1,15,499
"500",0,0,6,3,1,43,500
"501",1,0,6,3,3,50,501
"502",0,0,6,1,2,4,502
"503",1,0,6,2,1,47,503
"504",1,0,7,3,1,11,504
"505",1,0,5,3,1,48,505
"506",0,1,6,3,1,25,506
"507",1,0,7,3,3,6,507
"508",1,0,7,2,3,10,508
"509",1,1,3,3,2,1,509
"510",1,0,6,2,2,34,510
"511",1,0,4,3,1,13,511
"512",1,0,7,3,1,47,512
"513",1,0,7,2,1,40,513
"514",1,0,7,1,1,11,514
"515",1,1,6,3,1,34,515
"516",0,0,3,3,1,28,516
"517",1,0,4,3,2,18,517
"518",1,1,2,3,1,17,518
"519",0,0,1,3,1,4,519
"520",0,1,3,1,1,2,520
"521",0,0,1,3,3,37,521
"522",1,0,7,2,1,37,522
"523",1,0,7,1,2,42,523
"524",1,0,6,3,1,17,524
"525",1,0,6,2,2,40,525
"526",1,1,4,1,1,44,526
"527",1,0,4,3,2,37,527
"528",1,1,4,3,3,31,528
"529",0,0,4,3,2,13,529
"530",1,1,6,1,2,40,530
"531",1,0,6,1,3,8,531
"532",1,0,5,1,2,37,532
"533",1,0,6,1,1,28,533
"534",0,0,6,3,2,25,534
"535",1,1,3,2,2,1,535
"536",1,1,4,3,1,25,536
"537",1,0,6,3,1,44,537
"538",1,0,6,3,2,50,538
"539",0,0,6,1,2,28,539
"540",1,0,6,2,2,21,540
"541",1,0,6,1,1,11,541
"542",1,0,6,3,1,45,542
"543",1,0,7,3,1,37,543
"544",1,0,5,3,2,32,544
"545",1,0,6,2,2,31,545
"546",1,0,7,1,2,4,546
"547",1,0,6,3,2,25,547
"548",1,0,7,3,1,36,548
"549",1,0,7,3,2,7,549
"550",1,0,6,3,1,8,550
"551",0,0,6,3,1,12,551
"552",0,0,6,3,3,47,552
"553",1,0,1,1,2,23,553
"554",0,0,4,1,1,47,554
"555",0,1,7,3,2,43,555
"556",1,1,6,1,1,1,556
"557",1,0,6,1,2,3,557
"558",1,0,7,2,2,24,558
"559",1,0,7,1,2,49,559
"560",1,0,7,3,2,25,560
"561",1,0,3,2,2,29,561
"562",1,0,6,3,1,44,562
"563",1,0,4,2,1,42,563
"564",0,1,6,3,2,29,564
"565",1,1,7,2,1,40,565
"566",0,0,3,1,3,29,566
"567",1,1,7,3,3,8,567
"568",0,0,7,2,1,42,568
"569",1,0,4,3,1,2,569
"570",1,0,2,3,1,34,570
"571",1,1,7,1,1,40,571
"572",0,1,7,3,2,37,572
"573",0,0,1,1,1,28,573
"574",1,0,7,1,2,40,574
"575",0,1,6,1,2,43,575
"576",1,0,6,3,3,29,576
"577",1,1,7,3,2,10,577
"578",0,0,7,3,1,47,578
"579",1,0,6,1,1,20,579
"580",1,0,7,2,2,12,580
"581",1,0,2,2,2,42,581
"582",1,0,3,3,1,47,582
"583",1,1,3,1,3,42,583
"584",0,0,3,2,2,12,584
"585",0,1,7,2,1,50,585
"586",1,0,7,1,2,23,586
"587",1,0,5,1,2,13,587
"588",0,0,7,3,1,13,588
"589",1,1,7,1,2,32,589
"590",1,1,7,1,1,27,590
"591",1,1,4,3,1,1,591
"592",1,0,6,3,1,20,592
"593",0,1,7,3,2,31,593
"594",1,1,4,2,2,20,594
"595",1,0,7,3,1,18,595
"596",0,0,7,1,1,26,596
"597",1,0,2,3,1,10,597
"598",1,0,6,3,2,6,598
"599",0,0,6,2,1,4,599
"600",1,0,7,3,2,20,600
"601",1,0,6,2,1,42,601
"602",1,0,5,3,1,5,602
"603",1,0,7,1,3,24,603
"604",1,0,6,1,2,15,604
"605",1,0,7,1,2,44,605
"606",0,0,5,3,2,47,606
"607",0,0,6,1,1,29,607
"608",0,0,3,1,1,6,608
"609",1,0,5,3,3,43,609
"610",0,1,3,3,1,37,610
"611",1,1,4,1,3,14,611
"612",1,0,1,3,1,40,612
"613",1,0,6,3,3,12,613
"614",1,0,7,3,3,23,614
"615",1,0,7,2,1,28,615
"616",1,0,3,1,1,13,616
"617",1,0,6,3,1,33,617
"618",0,0,4,1,3,25,618
"619",1,0,6,3,1,3,619
"620",1,0,4,1,1,17,620
"621",1,0,5,3,2,45,621
"622",1,1,4,1,2,5,622
"623",1,1,6,3,1,15,623
"624",1,0,7,1,2,28,624
"625",0,1,7,2,2,23,625
"626",1,0,7,2,1,17,626
"627",1,0,5,3,2,22,627
"628",1,0,7,2,2,1,628
"629",1,0,7,3,2,6,629
"630",0,0,7,3,2,26,630
"631",1,0,6,2,2,11,631
"632",0,1,4,1,2,8,632
"633",0,1,7,1,2,45,633
"634",1,0,6,3,3,12,634
"635",1,0,6,2,3,47,635
"636",1,1,7,3,1,5,636
"637",1,0,4,1,1,39,637
"638",1,0,5,3,2,47,638
"639",0,0,1,1,1,2,639
"640",1,0,5,3,1,6,640
"641",1,1,3,1,1,37,641
"642",0,0,7,3,1,25,642
"643",1,1,1,3,1,11,643
"644",0,1,7,1,2,1,644
"645",0,0,3,1,2,33,645
"646",1,0,1,3,1,15,646
"647",0,0,3,1,1,22,647
"648",1,1,5,3,2,20,648
"649",1,0,4,2,3,43,649
"650",1,0,6,3,2,11,650
"651",1,0,6,1,1,30,651
"652",0,0,2,3,1,11,652
"653",1,0,6,1,2,30,653
"654",0,0,5,1,2,12,654
"655",0,1,6,3,1,13,655
"656",1,0,7,3,2,26,656
"657",1,0,4,2,1,23,657
"658",0,0,7,1,3,10,658
"659",1,0,7,3,1,50,659
"660",0,0,4,3,1,45,660
"661",1,0,7,2,2,28,661
"662",1,1,5,3,2,25,662
"663",0,1,5,1,2,44,663
"664",1,1,7,3,1,25,664
"665",0,1,5,1,2,26,665
"666",1,0,7,2,1,37,666
"667",1,1,1,3,1,20,667
"668",0,0,3,3,3,12,668
"669",1,0,7,3,1,27,669
"670",0,0,2,3,1,22,670
"671",0,0,3,3,2,25,671
"672",1,0,6,1,1,37,672
"673",0,0,5,3,2,13,673
"674",1,0,3,3,1,32,674
"675",0,1,6,3,1,14,675
"676",1,0,3,2,2,20,676
"677",1,0,5,1,1,15,677
"678",0,0,1,1,1,12,678
"679",1,0,5,2,1,9,679
"680",1,0,5,2,1,45,680
"681",1,0,7,2,2,40,681
"682",1,0,7,3,1,1,682
"683",1,0,7,3,2,6,683
"684",1,0,7,3,2,2,684
"685",1,0,4,2,3,15,685
"686",1,0,3,1,1,9,686
"687",1,1,6,3,1,34,687
"688",1,1,4,2,1,9,688
"689",0,0,4,3,3,4,689
"690",0,1,3,1,1,34,690
"691",1,1,4,3,1,24,691
"692",1,1,5,3,1,23,692
"693",1,1,7,2,1,24,693
"694",1,0,5,1,3,15,694
"695",0,1,7,1,1,1,695
"696",1,1,4,2,3,1,696
"697",1,0,7,1,1,37,697
"698",0,0,7,3,2,34,698
"699",1,0,7,3,3,46,699
"700",1,0,4,3,3,42,700
"701",0,0,7,1,1,21,701
"702",0,0,6,3,2,23,702
"703",0,1,7,1,2,12,703
"704",1,1,4,2,2,31,704
"705",1,0,4,1,1,33,705
"706",1,0,4,3,1,20,706
"707",1,0,7,3,2,43,707
"708",0,1,7,3,2,11,708
"709",0,0,4,3,1,18,709
"710",1,0,6,3,2,11,710
"711",1,1,7,2,1,2,711
"712",1,1,5,3,2,45,712
"713",1,1,7,1,2,37,713
"714",1,0,4,3,2,47,714
"715",1,0,7,3,2,13,715
"716",1,0,5,2,2,23,716
"717",1,0,7,2,2,2,717
"718",0,0,3,3,1,11,718
"719",0,1,7,2,1,15,719
"720",0,0,5,1,1,26,720
"721",1,0,6,3,1,8,721
"722",0,0,7,3,1,23,722
"723",0,1,5,1,2,29,723
"724",1,0,4,3,3,23,724
"725",0,0,7,3,1,50,725
"726",1,0,7,2,1,30,726
"727",1,0,4,3,1,44,727
"728",1,1,7,1,2,6,728
"729",1,0,7,3,2,5,729
"730",0,0,5,2,1,1,730
"731",1,1,4,3,1,2,731
"732",0,0,3,3,1,29,732
"733",1,0,1,1,2,1,733
"734",0,1,1,2,1,44,734
"735",1,0,6,2,3,43,735
"736",0,1,7,2,1,12,736
"737",0,1,4,1,1,45,737
"738",1,0,7,3,2,14,738
"739",0,1,3,1,1,12,739
"740",1,0,7,1,1,15,740
"741",0,0,6,1,3,48,741
"742",1,1,3,3,1,31,742
"743",1,0,4,3,3,1,743
"744",0,0,5,1,1,40,744
"745",1,0,3,3,1,22,745
"746",1,1,6,3,2,42,746
"747",1,0,6,2,1,29,747
"748",1,1,2,1,1,23,748
"749",1,0,6,3,2,4,749
"750",1,1,5,1,1,33,750
"751",0,1,7,2,1,37,751
"752",0,0,3,2,1,26,752
"753",1,0,6,2,1,12,753
"754",0,0,1,3,1,46,754
"755",1,0,7,1,1,20,755
"756",1,1,7,3,2,42,756
"757",1,0,5,3,1,42,757
"758",1,0,7,3,2,21,758
"759",0,0,1,2,1,13,759
"760",1,1,7,1,1,37,760
"761",1,1,7,3,1,42,761
"762",0,0,4,2,1,28,762
"763",1,0,7,2,2,23,763
"764",1,0,7,3,1,1,764
"765",1,0,6,3,1,24,765
"766",0,0,4,3,1,23,766
"767",1,0,7,3,1,50,767
"768",0,0,4,2,1,31,768
"769",0,1,7,3,1,23,769
"770",1,0,7,1,2,9,770
"771",1,0,5,1,2,15,771
"772",1,0,4,1,2,25,772
"773",0,0,7,2,1,7,773
"774",0,1,7,1,2,29,774
"775",0,0,3,1,2,47,775
"776",1,0,6,2,1,3,776
"777",1,0,4,1,2,15,777
"778",1,0,6,1,1,29,778
"779",1,0,7,1,1,40,779
"780",0,1,7,1,1,2,780
"781",1,1,4,3,1,6,781
"782",0,1,6,1,1,1,782
"783",1,0,7,3,1,20,783
"784",1,0,7,3,2,20,784
"785",0,1,5,1,2,50,785
"786",0,0,7,3,2,37,786
"787",1,0,1,3,1,3,787
"788",1,0,1,1,3,50,788
"789",0,1,6,3,2,34,789
"790",0,1,5,1,1,34,790
"791",0,0,3,1,1,30,791
"792",0,0,7,2,2,30,792
"793",1,0,5,2,2,15,793
"794",1,0,7,3,1,26,794
"795",1,0,7,3,2,11,795
"796",1,0,6,3,2,27,796
"797",0,0,3,3,1,33,797
"798",1,0,3,3,2,50,798
"799",1,0,6,3,2,34,799
"800",1,0,1,3,1,11,800
"801",1,1,6,3,3,40,801
"802",1,1,7,3,1,11,802
"803",0,0,7,1,1,31,803
"804",1,1,7,3,2,37,804
"805",0,0,1,3,2,13,805
"806",1,0,6,3,2,34,806
"807",0,0,1,3,1,48,807
"808",1,0,7,3,2,1,808
"809",1,0,4,1,3,28,809
"810",1,1,6,1,1,12,810
"811",1,0,7,1,2,40,811
"812",1,0,7,3,1,10,812
"813",0,0,5,2,2,25,813
"814",1,0,7,1,2,40,814
"815",1,0,7,3,1,45,815
"816",0,0,7,3,1,4,816
"817",0,0,6,3,2,42,817
"818",1,0,5,1,2,8,818
"819",0,1,4,3,3,4,819
"820",0,1,6,1,2,3,820
"821",1,0,3,2,1,40,821
"822",0,0,1,3,3,4,822
"823",1,1,7,1,1,33,823
"824",0,1,1,1,3,31,824
"825",0,1,7,1,1,4,825
"826",1,0,7,3,3,34,826
"827",1,0,4,3,1,34,827
"828",1,0,3,2,1,24,828
"829",0,0,7,2,1,37,829
"830",1,0,1,1,1,28,830
"831",1,0,7,2,1,37,831
"832",1,0,7,1,2,17,832
"833",0,0,1,3,3,42,833
"834",1,0,3,3,1,45,834
"835",1,1,7,1,1,12,835
"836",1,0,7,3,3,45,836
"837",1,1,7,3,1,37,837
"838",0,1,3,1,2,33,838
"839",1,0,4,2,1,15,839
"840",1,0,5,3,3,40,840
"841",1,0,5,3,1,44,841
"842",1,0,4,1,1,20,842
"843",1,0,7,3,1,5,843
"844",1,0,4,3,1,27,844
"845",0,0,4,1,1,42,845
"846",1,0,7,3,2,33,846
"847",1,1,7,3,3,50,847
"848",0,0,7,3,1,29,848
"849",1,0,7,1,3,11,849
"850",1,0,7,3,1,11,850
"851",1,0,7,3,1,28,851
"852",1,0,1,2,1,8,852
"853",1,0,1,3,2,28,853
"854",0,0,1,1,3,11,854
"855",1,0,4,2,1,12,855
"856",1,1,5,1,1,5,856
"857",0,0,7,2,2,12,857
"858",1,0,4,1,1,40,858
"859",1,0,5,1,1,6,859
"860",1,0,6,3,1,14,860
"861",0,0,1,1,2,14,861
"862",0,0,4,3,2,49,862
"863",1,0,2,3,1,32,863
"864",1,0,7,3,1,34,864
"865",1,0,5,1,2,12,865
"866",0,0,1,3,1,42,866
"867",1,0,4,1,1,29,867
"868",1,1,7,3,2,17,868
"869",1,0,7,2,1,47,869
"870",0,1,7,3,2,29,870
"871",1,1,3,3,3,10,871
"872",1,0,7,3,2,24,872
"873",1,1,4,1,1,24,873
"874",1,0,6,3,1,15,874
"875",1,0,5,2,1,27,875
"876",0,0,6,3,1,16,876
"877",1,0,6,3,1,43,877
"878",1,1,2,3,3,12,878
"879",0,1,5,3,2,42,879
"880",1,0,4,3,1,12,880
"881",1,0,7,1,2,29,881
"882",1,0,7,3,1,28,882
"883",0,1,5,3,1,27,883
"884",1,1,7,3,1,45,884
"885",1,1,7,3,3,23,885
"886",0,1,7,2,1,14,886
"887",0,1,7,3,2,37,887
"888",1,0,6,1,2,32,888
"889",0,0,7,3,1,18,889
"890",1,0,2,1,2,31,890
"891",1,1,6,3,1,1,891
"892",0,1,6,3,1,12,892
"893",1,0,5,3,2,10,893
"894",0,1,4,1,2,12,894
"895",1,0,7,2,3,24,895
"896",1,0,6,3,1,43,896
"897",1,0,5,1,1,15,897
"898",1,0,7,1,1,15,898
"899",1,0,3,3,1,42,899
"900",1,0,7,2,1,33,900
"901",0,1,2,3,1,25,901
"902",1,1,7,1,2,28,902
"903",1,0,3,3,2,24,903
"904",1,1,4,3,1,25,904
"905",1,1,6,2,2,5,905
"906",0,1,3,1,3,10,906
"907",0,0,5,1,1,50,907
"908",1,0,7,3,1,6,908
"909",0,0,1,3,1,25,909
"910",0,0,5,1,1,1,910
"911",0,0,7,1,1,42,911
"912",1,0,5,2,2,37,912
"913",1,0,6,3,1,8,913
"914",1,0,5,3,1,7,914
"915",0,1,5,3,3,26,915
"916",0,0,3,3,1,26,916
"917",1,1,6,3,1,43,917
"918",1,0,5,3,2,11,918
"919",0,0,1,1,2,17,919
"920",1,0,6,3,2,28,920
"921",1,1,1,3,2,34,921
"922",0,0,4,3,1,2,922
"923",1,0,2,3,1,50,923
"924",0,0,3,1,1,37,924
"925",0,0,5,1,1,28,925
"926",1,1,3,3,3,34,926
"927",0,0,3,1,3,42,927
"928",1,0,7,3,1,8,928
"929",1,1,7,2,2,43,929
"930",0,0,4,1,3,28,930
"931",1,1,4,1,1,25,931
"932",1,0,7,2,2,40,932
"933",1,0,7,1,1,34,933
"934",1,0,4,1,1,40,934
"935",1,0,6,1,2,42,935
"936",1,0,7,3,2,29,936
"937",1,0,7,2,2,6,937
"938",1,0,7,3,3,50,938
"939",1,0,7,3,1,34,939
"940",1,1,4,3,3,11,940
"941",1,0,7,1,1,49,941
"942",1,0,6,3,1,36,942
"943",0,1,4,3,2,47,943
"944",1,0,7,3,1,32,944
"945",0,0,7,1,1,37,945
"946",1,0,5,3,1,26,946
"947",1,0,4,3,1,28,947
"948",0,1,4,3,2,49,948
"949",1,0,1,3,2,23,949
"950",1,0,6,1,1,42,950
"951",0,0,1,1,2,12,951
"952",1,0,7,3,1,1,952
"953",0,0,7,3,1,2,953
"954",1,0,1,3,1,37,954
"955",0,1,6,1,1,42,955
"956",1,0,6,3,1,37,956
"957",0,0,7,3,2,1,957
"958",1,0,6,1,2,47,958
"959",0,1,6,3,1,1,959
"960",0,0,3,2,1,36,960
"961",1,0,7,3,2,23,961
"962",1,0,6,1,1,1,962
"963",1,0,4,3,1,24,963
"964",1,0,7,3,1,26,964
"965",1,0,7,3,1,24,965
"966",1,0,3,3,1,14,966
"967",1,0,5,1,1,24,967
"968",1,0,6,1,2,20,968
"969",1,0,7,3,2,31,969
"970",1,0,6,3,3,42,970
"971",1,1,7,2,2,26,971
"972",0,0,7,1,1,6,972
"973",1,1,5,3,3,10,973
"974",0,0,3,3,1,21,974
"975",1,0,5,3,2,22,975
"976",1,0,5,3,1,32,976
"977",1,0,5,1,1,6,977
"978",0,0,3,1,2,4,978
"979",0,0,7,2,1,17,979
"980",1,0,5,1,2,37,980
"981",1,1,7,1,3,28,981
"982",1,1,4,3,1,40,982
"983",1,0,1,3,2,24,983
"984",1,0,7,3,1,1,984
"985",0,0,1,1,3,25,985
"986",0,1,6,3,1,30,986
"987",1,0,4,1,1,20,987
"988",1,1,7,3,3,45,988
"989",0,0,4,3,3,19,989
"990",0,0,5,2,1,29,990
"991",1,1,6,3,1,20,991
"992",1,0,5,3,2,10,992
"993",1,0,1,3,1,50,993
"994",0,0,7,2,1,25,994
"995",1,0,7,3,2,47,995
"996",0,0,3,2,1,13,996
"997",1,1,7,1,2,32,997
"998",0,1,6,3,1,1,998
"999",1,0,7,3,2,45,999
"1000",1,0,7,2,2,47,1000
"1001",1,0,6,1,1,12,1001
"1002",0,0,6,3,2,21,1002
"1003",1,0,1,3,2,32,1003
"1004",1,1,5,2,2,5,1004
"1005",0,0,6,1,1,37,1005
"1006",1,0,7,1,1,43,1006
"1007",1,1,4,3,2,34,1007
"1008",1,0,7,3,3,28,1008
"1009",1,0,6,1,1,11,1009
"1010",0,1,6,3,2,7,1010
"1011",0,1,3,1,1,29,1011
"1012",1,0,3,2,1,39,1012
"1013",1,0,7,1,2,28,1013
"1014",0,0,4,1,1,2,1014
"1015",1,0,6,1,3,40,1015
"1016",1,1,7,3,2,50,1016
"1017",0,1,4,3,1,6,1017
"1018",1,1,6,2,2,31,1018
"1019",1,1,6,3,1,6,1019
"1020",1,0,6,1,2,20,1020
"1021",1,0,6,3,1,12,1021
"1022",0,0,5,1,1,32,1022
"1023",1,0,6,1,2,30,1023
"1024",1,0,6,1,1,20,1024
"1025",0,0,6,1,1,5,1025
"1026",1,1,7,3,2,31,1026
"1027",1,0,6,1,1,40,1027
"1028",0,1,7,1,2,47,1028
"1029",0,0,1,1,1,31,1029
"1030",1,0,1,1,2,43,1030
"1031",0,0,2,3,2,37,1031
"1032",1,0,7,3,2,47,1032
"1033",1,0,3,2,1,11,1033
"1034",1,0,6,2,2,12,1034
"1035",0,0,4,3,2,4,1035
"1036",0,0,3,1,1,23,1036
"1037",1,0,7,1,1,2,1037
"1038",1,0,7,3,3,23,1038
"1039",1,0,6,1,2,14,1039
"1040",1,0,7,1,1,1,1040
"1041",1,0,4,2,1,15,1041
"1042",1,1,3,2,2,15,1042
"1043",1,0,4,3,3,50,1043
"1044",1,0,6,3,1,11,1044
"1045",0,1,6,3,1,12,1045
"1046",1,0,5,2,2,1,1046
"1047",0,1,3,1,1,42,1047
"1048",1,1,1,3,1,42,1048
"1049",1,1,7,3,3,11,1049
"1050",0,0,2,3,2,26,1050
"1051",1,0,6,1,2,28,1051
"1052",1,0,7,3,3,11,1052
"1053",1,0,5,3,1,12,1053
"1054",1,1,6,3,3,23,1054
"1055",1,0,7,3,2,48,1055
"1056",1,0,7,2,1,12,1056
"1057",0,0,1,1,1,40,1057
"1058",0,1,4,1,2,39,1058
"1059",0,1,5,3,2,4,1059
"1060",1,0,7,1,1,6,1060
"1061",1,0,7,3,1,1,1061
"1062",1,0,7,1,1,11,1062
"1063",1,0,1,3,2,27,1063
"1064",0,1,3,3,1,6,1064
"1065",0,1,7,3,1,34,1065
"1066",0,0,3,1,2,37,1066
"1067",1,0,5,1,3,40,1067
"1068",1,0,7,1,2,12,1068
"1069",1,0,5,3,2,10,1069
"1070",1,0,7,3,1,47,1070
"1071",1,0,7,2,1,6,1071
"1072",1,1,5,3,2,20,1072
"1073",1,0,5,3,3,50,1073
"1074",1,0,5,3,2,43,1074
"1075",1,0,5,3,2,43,1075
"1076",1,0,7,3,2,37,1076
"1077",0,0,7,1,2,4,1077
"1078",1,0,1,3,1,8,1078
"1079",1,0,6,3,2,23,1079
"1080",1,0,6,3,2,15,1080
"1081",1,0,6,2,1,42,1081
"1082",0,1,3,1,3,13,1082
"1083",1,1,6,3,3,15,1083
"1084",1,1,6,1,1,42,1084
"1085",0,1,7,2,1,29,1085
"1086",1,0,5,2,1,32,1086
"1087",1,1,3,2,1,24,1087
"1088",0,0,7,3,3,44,1088
"1089",1,0,7,3,2,28,1089
"1090",1,0,7,1,1,32,1090
"1091",1,0,2,1,1,50,1091
"1092",1,0,4,3,2,1,1092
"1093",0,0,3,1,2,26,1093
"1094",1,1,7,3,3,45,1094
"1095",1,0,6,3,3,29,1095
"1096",0,0,4,1,1,42,1096
"1097",1,0,5,3,1,44,1097
"1098",1,0,7,3,1,40,1098
"1099",1,0,7,3,2,11,1099
"1100",1,0,7,1,1,12,1100
"1101",1,1,6,3,3,10,1101
"1102",1,0,6,3,1,36,1102
"1103",0,0,1,2,2,50,1103
"1104",1,0,1,3,1,32,1104
"1105",1,0,5,1,1,50,1105
"1106",1,0,4,3,1,43,1106
"1107",1,0,7,3,1,37,1107
"1108",1,0,6,3,1,4,1108
"1109",0,1,7,1,2,34,1109
"1110",1,0,3,3,1,12,1110
"1111",1,0,5,3,1,25,1111
"1112",1,1,6,3,1,23,1112
"1113",1,0,1,3,2,8,1113
"1114",1,0,6,3,1,12,1114
"1115",0,1,7,3,1,37,1115
"1116",0,0,5,2,1,4,1116
"1117",1,0,1,1,1,13,1117
"1118",1,0,7,3,1,23,1118
"1119",0,1,7,3,3,46,1119
"1120",0,1,7,1,1,31,1120
"1121",1,0,6,1,3,8,1121
"1122",1,1,3,1,1,6,1122
"1123",1,0,2,1,1,27,1123
"1124",1,1,7,3,2,33,1124
"1125",0,0,3,1,1,23,1125
"1126",1,1,6,3,1,6,1126
"1127",1,1,7,1,2,12,1127
"1128",0,0,1,3,1,12,1128
"1129",0,1,7,1,1,44,1129
"1130",1,0,2,3,2,33,1130
"1131",1,0,7,3,1,4,1131
"1132",1,0,7,3,2,37,1132
"1133",0,0,7,3,2,13,1133
"1134",1,0,7,1,2,37,1134
"1135",0,0,7,3,1,31,1135
"1136",1,0,7,1,2,36,1136
"1137",1,0,7,2,3,15,1137
"1138",1,1,6,3,1,11,1138
"1139",1,0,7,3,1,23,1139
"1140",1,1,7,1,2,11,1140
"1141",0,1,5,2,1,2,1141
"1142",0,0,3,1,2,31,1142
"1143",1,0,5,2,3,24,1143
"1144",0,0,3,1,2,44,1144
"1145",0,0,3,1,1,49,1145
"1146",1,1,6,1,2,15,1146
"1147",1,0,7,2,2,8,1147
"1148",1,0,5,2,2,1,1148
"1149",0,0,5,1,1,4,1149
"1150",1,0,7,2,1,12,1150
"1151",1,0,5,3,3,1,1151
"1152",0,0,2,3,2,35,1152
"1153",1,1,5,3,2,7,1153
"1154",1,1,4,3,2,6,1154
"1155",1,0,7,3,2,1,1155
"1156",1,0,4,1,2,23,1156
"1157",1,0,5,3,3,32,1157
"1158",0,1,6,3,2,12,1158
"1159",0,0,7,1,1,44,1159
"1160",1,0,5,3,1,45,1160
"1161",1,1,3,3,1,33,1161
"1162",1,0,1,1,1,40,1162
"1163",1,1,7,3,3,32,1163
"1164",1,0,2,3,1,23,1164
"1165",1,0,4,3,1,45,1165
"1166",1,0,6,3,1,25,1166
"1167",1,0,6,3,2,3,1167
"1168",1,0,5,3,2,17,1168
"1169",1,1,7,2,1,26,1169
"1170",1,0,7,3,2,47,1170
"1171",1,0,7,1,1,1,1171
"1172",1,0,5,1,2,34,1172
"1173",1,0,1,3,1,24,1173
"1174",0,0,7,2,2,26,1174
"1175",1,0,6,3,2,24,1175
"1176",1,1,6,2,1,24,1176
"1177",1,1,7,3,2,17,1177
"1178",1,0,3,1,2,8,1178
"1179",1,0,6,2,2,26,1179
"1180",1,0,7,3,1,43,1180
"1181",1,1,7,1,1,37,1181
"1182",1,0,6,3,2,37,1182
"1183",1,0,7,3,1,23,1183
"1184",1,0,6,3,2,13,1184
"1185",1,1,7,2,3,37,1185
"1186",1,1,6,1,1,34,1186
"1187",0,0,2,1,2,43,1187
"1188",1,0,7,2,1,37,1188
"1189",1,0,6,1,2,10,1189
"1190",1,0,6,1,1,23,1190
"1191",0,1,1,3,2,29,1191
"1192",1,0,5,3,1,39,1192
"1193",1,0,5,3,1,14,1193
"1194",1,0,7,3,2,37,1194
"1195",1,0,6,3,3,45,1195
"1196",1,1,4,3,2,33,1196
"1197",1,0,4,2,2,15,1197
"1198",0,1,4,1,3,37,1198
"1199",1,0,6,2,1,50,1199
"1200",1,0,6,2,1,25,1200
"1201",1,0,6,3,2,31,1201
"1202",1,0,7,3,2,15,1202
"1203",1,0,6,3,1,20,1203
"1204",1,0,7,2,1,36,1204
"1205",1,0,6,1,1,28,1205
"1206",0,0,1,2,2,2,1206
"1207",0,1,7,1,1,39,1207
"1208",1,0,1,1,1,1,1208
"1209",1,0,5,3,1,42,1209
"1210",1,1,5,3,3,39,1210
"1211",1,0,7,2,2,45,1211
"1212",1,0,7,3,1,4,1212
"1213",1,0,5,1,2,24,1213
"1214",1,0,6,3,1,1,1214
"1215",1,0,6,1,1,8,1215
"1216",1,0,7,1,1,12,1216
"1217",1,0,7,1,3,15,1217
"1218",0,0,1,3,2,37,1218
"1219",1,0,4,1,2,34,1219
"1220",0,1,7,2,2,50,1220
"1221",0,1,6,3,1,43,1221
"1222",0,1,4,1,1,42,1222
"1223",1,0,6,3,1,33,1223
"1224",1,0,7,1,3,15,1224
"1225",1,1,6,2,1,43,1225
"1226",0,0,5,3,1,4,1226
"1227",1,0,6,3,2,43,1227
"1228",0,0,6,1,2,26,1228
"1229",1,0,6,3,1,38,1229
"1230",1,0,7,3,2,37,1230
"1231",0,0,3,3,2,29,1231
"1232",0,0,7,1,1,23,1232
"1233",0,1,1,2,1,50,1233
"1234",1,0,7,2,1,1,1234
"1235",1,0,7,2,1,11,1235
"1236",0,0,7,1,3,13,1236
"1237",0,1,7,2,1,12,1237
"1238",1,0,7,3,3,32,1238
"1239",1,0,7,3,2,37,1239
"1240",0,0,1,1,2,1,1240
"1241",1,0,6,1,1,42,1241
"1242",0,1,3,2,1,35,1242
"1243",1,0,7,3,1,11,1243
"1244",1,0,7,3,2,37,1244
"1245",1,0,7,2,1,32,1245
"1246",1,0,7,2,2,12,1246
"1247",0,0,4,3,1,11,1247
"1248",1,0,1,1,1,26,1248
"1249",0,1,7,1,1,12,1249
"1250",0,1,5,2,1,17,1250
"1251",1,0,7,3,2,11,1251
"1252",0,0,3,1,2,34,1252
"1253",1,0,7,2,1,27,1253
"1254",0,0,4,1,1,43,1254
"1255",1,0,6,3,3,25,1255
"1256",1,0,7,2,1,44,1256
"1257",1,0,4,3,1,1,1257
"1258",1,1,4,3,3,42,1258
"1259",1,0,7,2,1,40,1259
"1260",0,1,3,3,2,2,1260
"1261",1,0,5,3,2,40,1261
"1262",1,0,5,3,1,11,1262
"1263",1,0,1,3,3,20,1263
"1264",0,1,5,1,2,23,1264
"1265",1,1,6,3,2,38,1265
"1266",1,0,4,3,1,25,1266
"1267",1,0,7,3,2,12,1267
"1268",1,0,1,3,2,24,1268
"1269",1,0,3,2,1,6,1269
"1270",0,0,6,3,1,42,1270
"1271",1,0,6,2,1,37,1271
"1272",1,0,3,3,1,40,1272
"1273",0,0,5,2,1,23,1273
"1274",1,0,4,1,2,34,1274
"1275",0,1,6,3,2,26,1275
"1276",1,0,5,1,1,45,1276
"1277",1,1,7,3,2,8,1277
"1278",1,0,7,3,1,6,1278
"1279",1,0,7,3,1,1,1279
"1280",1,0,7,3,1,46,1280
"1281",1,0,7,3,1,50,1281
"1282",1,0,6,3,2,11,1282
"1283",1,1,2,3,2,5,1283
"1284",1,0,7,3,2,25,1284
"1285",1,0,6,2,1,42,1285
"1286",0,1,6,1,2,30,1286
"1287",1,0,6,2,1,23,1287
"1288",1,0,6,1,1,42,1288
"1289",1,0,6,3,2,45,1289
"1290",1,0,7,1,1,47,1290
"1291",1,0,7,3,2,37,1291
"1292",1,0,6,3,2,28,1292
"1293",1,0,7,3,3,34,1293
"1294",1,0,3,3,2,37,1294
"1295",0,0,5,3,1,29,1295
"1296",1,0,6,3,3,5,1296
"1297",0,0,7,3,1,42,1297
"1298",1,0,2,3,2,4,1298
"1299",0,0,6,1,1,20,1299
"1300",1,1,7,2,3,34,1300
"1301",0,1,1,1,2,40,1301
"1302",1,0,7,3,1,43,1302
"1303",1,0,5,3,1,36,1303
"1304",1,0,5,3,1,43,1304
"1305",1,0,6,2,2,27,1305
"1306",1,1,5,3,1,1,1306
"1307",1,0,7,3,1,15,1307
"1308",0,1,2,3,2,45,1308
"1309",0,1,3,1,1,25,1309
"1310",1,0,7,1,2,25,1310
"1311",0,1,7,2,2,13,1311
"1312",1,0,4,3,1,32,1312
"1313",0,0,5,3,2,37,1313
"1314",0,0,1,3,2,4,1314
"1315",0,0,5,1,2,29,1315
"1316",1,1,7,2,3,31,1316
"1317",1,0,7,1,2,39,1317
"1318",1,0,3,3,2,6,1318
"1319",1,0,6,2,1,15,1319
"1320",0,0,1,1,1,31,1320
"1321",0,1,1,2,1,45,1321
"1322",0,1,7,2,1,26,1322
"1323",0,0,7,3,1,42,1323
"1324",1,0,5,1,1,31,1324
"1325",0,0,7,2,2,23,1325
"1326",1,0,6,1,1,6,1326
"1327",1,0,7,1,2,43,1327
"1328",0,1,6,2,2,12,1328
"1329",1,0,6,3,1,32,1329
"1330",0,1,3,3,1,43,1330
"1331",1,0,5,1,3,47,1331
"1332",1,0,1,3,1,24,1332
"1333",1,0,7,3,2,49,1333
"1334",1,0,4,1,2,2,1334
"1335",0,0,2,3,2,6,1335
"1336",0,0,7,3,3,4,1336
"1337",1,0,7,3,1,49,1337
"1338",1,1,3,3,3,50,1338
"1339",1,0,7,1,1,50,1339
"1340",0,1,3,1,1,25,1340
"1341",1,0,4,3,1,29,1341
"1342",0,0,6,2,2,34,1342
"1343",1,0,6,3,1,37,1343
"1344",1,0,6,3,2,37,1344
"1345",1,0,3,3,2,36,1345
"1346",0,0,4,2,2,1,1346
"1347",1,0,7,3,2,23,1347
"1348",1,1,5,2,1,11,1348
"1349",1,1,1,2,3,50,1349
"1350",0,0,7,3,2,21,1350
"1351",1,0,7,1,2,29,1351
"1352",1,1,4,3,1,43,1352
"1353",1,0,1,1,1,32,1353
"1354",1,1,7,3,2,10,1354
"1355",1,0,5,3,1,26,1355
"1356",1,0,7,3,2,10,1356
"1357",1,0,7,3,2,31,1357
"1358",1,1,7,1,2,6,1358
"1359",1,0,7,1,1,50,1359
"1360",1,0,7,1,2,6,1360
"1361",0,0,5,3,2,15,1361
"1362",0,1,7,2,1,44,1362
"1363",1,0,7,1,2,10,1363
"1364",1,1,1,3,1,11,1364
"1365",0,0,2,3,1,13,1365
"1366",1,0,7,2,2,11,1366
"1367",1,0,1,3,2,11,1367
"1368",0,1,6,1,3,10,1368
"1369",1,0,7,3,1,32,1369
"1370",1,0,6,2,2,11,1370
"1371",1,0,5,3,1,42,1371
"1372",0,0,1,1,3,37,1372
"1373",1,0,5,1,2,1,1373
"1374",0,1,6,2,1,23,1374
"1375",1,0,6,3,1,39,1375
"1376",1,0,7,2,1,23,1376
"1377",1,0,5,3,1,43,1377
"1378",1,1,6,3,1,31,1378
"1379",0,0,4,3,1,7,1379
"1380",1,0,3,2,1,40,1380
"1381",1,1,2,2,2,21,1381
"1382",0,0,7,3,1,23,1382
"1383",1,1,3,3,2,15,1383
"1384",1,0,6,3,3,29,1384
"1385",1,0,6,3,1,6,1385
"1386",1,0,6,1,1,23,1386
"1387",1,0,7,3,1,20,1387
"1388",1,1,7,3,2,29,1388
"1389",1,0,6,1,2,8,1389
"1390",1,1,7,1,1,23,1390
"1391",0,0,2,1,1,4,1391
"1392",1,0,7,3,1,15,1392
"1393",1,1,4,3,1,1,1393
"1394",1,1,7,3,3,43,1394
"1395",0,0,7,1,1,34,1395
"1396",1,0,7,3,1,43,1396
"1397",0,1,6,1,1,26,1397
"1398",1,0,5,3,3,4,1398
"1399",1,0,7,1,1,40,1399
"1400",1,0,2,1,2,29,1400
"1401",1,0,6,1,1,40,1401
"1402",0,0,7,3,2,2,1402
"1403",1,0,3,2,1,24,1403
"1404",1,0,7,1,1,43,1404
"1405",0,0,5,3,1,28,1405
"1406",1,1,7,3,3,25,1406
"1407",1,0,5,1,2,5,1407
"1408",0,1,3,2,2,28,1408
"1409",0,0,6,1,1,13,1409
"1410",0,0,7,3,2,44,1410
"1411",1,0,6,3,3,37,1411
"1412",0,0,5,1,1,26,1412
"1413",1,0,7,1,2,5,1413
"1414",1,1,7,1,2,6,1414
"1415",1,0,4,2,2,8,1415
"1416",1,0,7,2,1,20,1416
"1417",1,0,6,3,3,29,1417
"1418",1,0,6,1,1,8,1418
"1419",1,1,7,1,1,12,1419
"1420",1,0,7,2,1,46,1420
"1421",1,0,5,3,1,6,1421
"1422",1,0,4,3,1,50,1422
"1423",1,0,7,3,2,1,1423
"1424",1,0,6,3,2,13,1424
"1425",1,0,7,3,3,23,1425
"1426",0,0,7,1,1,45,1426
"1427",1,0,7,1,1,27,1427
"1428",1,0,7,3,2,23,1428
"1429",1,0,7,3,2,40,1429
"1430",1,1,4,2,1,49,1430
"1431",1,0,7,1,1,34,1431
"1432",1,0,7,3,2,1,1432
"1433",0,0,4,2,1,2,1433
"1434",1,0,6,2,1,27,1434
"1435",1,0,7,3,1,25,1435
"1436",1,0,6,3,3,10,1436
"1437",1,0,6,2,1,6,1437
"1438",1,0,5,1,1,23,1438
"1439",1,0,4,3,2,39,1439
"1440",0,0,6,1,1,17,1440
"1441",1,0,7,3,3,1,1441
"1442",1,1,7,2,3,8,1442
"1443",0,0,1,1,1,42,1443
"1444",0,0,7,3,1,2,1444
"1445",0,0,4,3,2,31,1445
"1446",0,0,6,1,1,1,1446
"1447",1,0,6,3,1,24,1447
"1448",0,1,4,3,2,17,1448
"1449",1,0,6,3,1,37,1449
"1450",1,1,6,3,2,6,1450
"1451",1,0,6,1,2,10,1451
"1452",1,0,5,1,2,50,1452
"1453",1,0,7,2,2,27,1453
"1454",0,1,6,1,1,43,1454
"1455",0,0,7,1,1,43,1455
"1456",0,1,1,1,1,23,1456
"1457",1,0,7,2,1,44,1457
"1458",1,0,4,1,1,9,1458
"1459",0,0,6,2,1,40,1459
"1460",1,0,7,3,3,28,1460
"1461",1,0,4,3,1,23,1461
"1462",1,1,7,1,3,44,1462
"1463",1,0,6,3,1,32,1463
"1464",0,0,7,3,2,12,1464
"1465",0,1,6,1,3,31,1465
"1466",0,0,3,1,1,11,1466
"1467",1,0,6,3,1,26,1467
"1468",0,0,5,1,2,7,1468
"1469",0,0,7,3,2,23,1469
"1470",1,1,7,3,1,24,1470
"1471",1,0,7,3,1,5,1471
"1472",1,0,7,1,2,26,1472
"1473",1,0,1,3,3,1,1473
"1474",0,0,7,1,1,12,1474
"1475",1,0,5,1,2,20,1475
"1476",0,1,5,1,2,29,1476
"1477",1,0,6,1,1,42,1477
"1478",0,1,3,3,3,17,1478
"1479",0,1,5,3,1,50,1479
"1480",1,0,3,3,3,29,1480
"1481",0,1,5,2,1,44,1481
"1482",0,1,7,2,2,49,1482
"1483",0,0,2,1,1,44,1483
"1484",1,0,7,1,1,37,1484
"1485",1,1,7,1,1,1,1485
"1486",1,0,5,2,1,23,1486
"1487",1,1,4,1,3,5,1487
"1488",1,0,7,3,1,15,1488
"1489",1,0,7,2,1,26,1489
"1490",0,0,7,1,2,37,1490
"1491",1,0,7,1,1,40,1491
"1492",1,0,1,3,1,1,1492
"1493",0,1,4,3,1,26,1493
"1494",0,0,7,3,1,23,1494
"1495",1,1,7,3,1,44,1495
"1496",1,0,5,3,1,43,1496
"1497",0,1,7,1,1,29,1497
"1498",1,0,7,1,1,26,1498
"1499",1,1,6,3,1,37,1499
"1500",1,0,3,1,1,1,1500
"1501",1,0,5,1,1,34,1501
"1502",1,0,7,3,1,1,1502
"1503",1,0,7,1,1,12,1503
"1504",0,0,6,1,2,7,1504
"1505",1,0,6,2,2,50,1505
"1506",1,0,1,1,2,3,1506
"1507",1,0,7,3,2,33,1507
"1508",0,0,4,1,2,12,1508
"1509",1,1,7,1,1,43,1509
"1510",1,1,3,3,3,31,1510
"1511",0,0,4,1,1,17,1511
"1512",0,0,3,1,1,50,1512
"1513",1,0,5,3,1,45,1513
"1514",0,1,3,3,1,50,1514
"1515",1,0,7,3,1,1,1515
"1516",0,1,7,3,2,45,1516
"1517",0,0,4,1,1,12,1517
"1518",1,0,7,3,1,35,1518
"1519",1,0,1,3,1,20,1519
"1520",1,0,5,3,1,50,1520
"1521",1,1,7,2,1,37,1521
"1522",1,0,4,2,1,35,1522
"1523",1,0,6,2,3,42,1523
"1524",1,0,3,3,1,10,1524
"1525",0,0,1,1,1,31,1525
"1526",1,0,5,3,1,3,1526
"1527",1,0,6,3,2,12,1527
"1528",0,1,3,3,1,11,1528
"1529",1,0,7,3,2,23,1529
"1530",1,0,7,1,1,14,1530
"1531",1,0,7,1,2,37,1531
"1532",1,1,7,1,1,29,1532
"1533",1,0,7,3,1,38,1533
"1534",1,0,7,1,1,35,1534
"1535",1,0,7,3,3,23,1535
"1536",1,0,7,1,2,20,1536
"1537",1,0,7,3,1,29,1537
"1538",1,1,7,3,1,12,1538
"1539",0,1,7,2,1,17,1539
"1540",1,0,6,3,1,45,1540
"1541",1,0,1,2,1,24,1541
"1542",1,0,5,1,1,29,1542
"1543",0,0,5,1,2,26,1543
"1544",0,0,5,3,1,6,1544
"1545",0,1,4,1,1,20,1545
"1546",1,0,6,3,1,39,1546
"1547",0,0,6,1,2,26,1547
"1548",0,1,1,3,1,4,1548
"1549",1,1,6,3,2,15,1549
"1550",0,0,7,3,1,30,1550
"1551",0,1,4,2,2,47,1551
"1552",0,0,3,1,1,30,1552
"1553",1,1,3,1,2,3,1553
"1554",1,0,6,1,2,8,1554
"1555",1,0,6,1,3,50,1555
"1556",1,0,1,1,2,50,1556
"1557",1,0,4,2,2,38,1557
"1558",0,1,1,1,3,12,1558
"1559",1,0,6,3,2,1,1559
"1560",1,1,3,3,1,11,1560
"1561",0,0,3,1,2,28,1561
"1562",1,0,5,3,2,32,1562
"1563",1,0,7,3,1,29,1563
"1564",1,0,5,3,1,32,1564
"1565",1,0,3,1,2,8,1565
"1566",1,1,7,3,1,42,1566
"1567",1,0,6,3,1,20,1567
"1568",0,1,5,1,1,21,1568
"1569",0,1,7,3,1,20,1569
"1570",1,1,7,3,2,24,1570
"1571",0,1,7,3,1,15,1571
"1572",0,0,4,2,1,42,1572
"1573",1,1,3,3,2,1,1573
"1574",1,0,7,3,1,10,1574
"1575",1,1,7,2,1,20,1575
"1576",1,1,6,2,1,29,1576
"1577",1,0,6,1,1,18,1577
"1578",0,0,6,2,2,37,1578
"1579",0,0,6,1,1,37,1579
"1580",0,0,1,2,3,34,1580
"1581",1,0,7,3,2,49,1581
"1582",1,0,5,3,1,37,1582
"1583",1,0,6,3,2,28,1583
"1584",1,1,2,1,1,24,1584
"1585",1,0,6,2,1,25,1585
"1586",1,0,7,3,1,43,1586
"1587",1,0,4,2,1,40,1587
"1588",1,0,7,1,1,10,1588
"1589",0,0,7,3,1,26,1589
"1590",1,0,7,3,1,29,1590
"1591",1,0,3,3,1,24,1591
"1592",0,0,4,3,1,26,1592
"1593",1,0,7,1,2,20,1593
"1594",1,0,5,1,2,32,1594
"1595",1,0,7,3,1,12,1595
"1596",1,0,5,3,1,26,1596
"1597",1,0,7,3,1,34,1597
"1598",0,1,4,3,2,32,1598
"1599",0,0,1,1,2,13,1599
"1600",1,0,7,2,1,1,1600
"1601",1,1,7,3,1,7,1601
"1602",1,0,5,1,2,11,1602
"1603",1,1,7,1,1,32,1603
"1604",1,1,4,3,1,20,1604
"1605",1,0,4,3,1,39,1605
"1606",1,0,5,3,3,5,1606
"1607",0,1,7,1,2,10,1607
"1608",1,0,5,3,1,5,1608
"1609",1,0,1,3,1,45,1609
"1610",1,0,6,3,3,26,1610
"1611",1,0,7,3,3,46,1611
"1612",1,0,7,2,1,24,1612
"1613",1,0,7,3,2,46,1613
"1614",0,1,7,1,1,43,1614
"1615",1,0,6,1,1,42,1615
"1616",1,0,7,3,1,23,1616
"1617",0,0,6,1,1,46,1617
"1618",1,0,3,3,1,23,1618
"1619",0,0,5,3,1,50,1619
"1620",1,0,7,3,1,43,1620
"1621",1,0,4,2,2,21,1621
"1622",1,0,6,3,1,20,1622
"1623",0,0,7,1,1,26,1623
"1624",0,1,7,1,2,31,1624
"1625",1,0,7,2,1,40,1625
"1626",1,0,4,3,3,27,1626
"1627",1,0,3,2,3,23,1627
"1628",1,0,6,1,1,19,1628
"1629",1,1,4,1,2,44,1629
"1630",1,1,6,1,1,34,1630
"1631",1,0,7,3,2,42,1631
"1632",1,0,6,1,2,26,1632
"1633",1,1,7,3,1,37,1633
"1634",0,0,5,2,3,43,1634
"1635",1,0,6,3,1,11,1635
"1636",1,0,1,3,1,37,1636
"1637",1,1,5,3,3,24,1637
"1638",1,0,6,2,1,44,1638
"1639",1,0,5,1,3,23,1639
"1640",0,0,1,3,1,37,1640
"1641",1,0,7,1,1,32,1641
"1642",1,0,7,1,1,34,1642
"1643",1,0,6,3,1,15,1643
"1644",1,0,7,1,2,25,1644
"1645",1,0,6,3,3,38,1645
"1646",0,0,7,3,1,46,1646
"1647",0,0,1,3,1,4,1647
"1648",0,1,7,3,3,12,1648
"1649",1,0,5,3,1,28,1649
"1650",1,0,6,2,3,33,1650
"1651",0,0,4,1,3,23,1651
"1652",0,1,6,2,2,11,1652
"1653",1,0,6,3,2,42,1653
"1654",1,0,3,3,2,43,1654
"1655",1,1,7,3,1,14,1655
"1656",1,0,2,1,3,45,1656
"1657",0,0,2,1,2,42,1657
"1658",1,0,4,3,2,1,1658
"1659",0,1,2,1,2,25,1659
"1660",1,0,7,2,2,28,1660
"1661",1,0,4,3,1,3,1661
"1662",0,0,2,1,2,24,1662
"1663",1,0,6,3,2,28,1663
"1664",0,0,7,3,2,42,1664
"1665",1,0,4,1,2,45,1665
"1666",0,0,6,2,2,47,1666
"1667",0,0,3,3,2,25,1667
"1668",0,1,5,3,1,23,1668
"1669",1,1,5,1,1,14,1669
"1670",1,1,1,2,1,29,1670
"1671",1,0,5,3,3,49,1671
"1672",1,0,7,2,1,34,1672
"1673",1,0,3,3,1,44,1673
"1674",0,0,6,3,2,50,1674
"1675",1,0,6,1,1,20,1675
"1676",1,0,7,3,3,17,1676
"1677",1,1,2,1,1,43,1677
"1678",0,0,3,1,1,29,1678
"1679",1,1,5,2,2,37,1679
"1680",0,0,6,1,2,12,1680
"1681",1,0,4,3,2,33,1681
"1682",1,0,6,3,2,45,1682
"1683",0,1,7,2,1,39,1683
"1684",0,0,7,1,1,44,1684
"1685",0,1,6,3,1,4,1685
"1686",1,0,7,3,1,38,1686
"1687",1,0,1,3,2,25,1687
"1688",1,0,7,3,1,30,1688
"1689",0,0,1,3,2,15,1689
"1690",1,0,5,3,2,31,1690
"1691",1,1,4,1,1,1,1691
"1692",1,0,7,1,2,45,1692
"1693",1,1,3,3,1,27,1693
"1694",1,0,6,3,3,10,1694
"1695",1,0,5,1,1,20,1695
"1696",1,0,6,1,1,26,1696
"1697",0,1,6,1,1,25,1697
"1698",1,0,6,3,2,32,1698
"1699",1,0,6,3,2,44,1699
"1700",1,0,5,2,3,11,1700
"1701",1,1,5,2,1,40,1701
"1702",1,0,7,3,1,29,1702
"1703",1,1,4,3,1,12,1703
"1704",1,0,1,2,1,23,1704
"1705",1,0,5,2,1,20,1705
"1706",1,1,4,1,1,3,1706
"1707",1,1,6,3,2,1,1707
"1708",0,0,7,3,1,13,1708
"1709",0,1,4,1,2,17,1709
"1710",1,1,6,3,1,36,1710
"1711",0,0,7,1,1,44,1711
"1712",0,0,1,3,3,26,1712
"1713",1,0,6,3,3,49,1713
"1714",1,0,7,2,1,20,1714
"1715",1,0,7,1,2,32,1715
"1716",1,0,6,3,1,13,1716
"1717",0,0,6,1,1,4,1717
"1718",1,1,6,3,2,28,1718
"1719",1,0,7,1,1,6,1719
"1720",1,0,7,3,2,33,1720
"1721",0,0,4,3,1,12,1721
"1722",0,0,3,1,1,12,1722
"1723",1,0,2,1,1,1,1723
"1724",1,0,5,3,1,37,1724
"1725",1,0,5,3,2,6,1725
"1726",1,0,7,3,2,5,1726
"1727",1,1,5,3,1,23,1727
"1728",1,0,3,1,1,40,1728
"1729",1,0,5,2,1,4,1729
"1730",0,1,6,1,1,12,1730
"1731",1,1,4,1,1,39,1731
"1732",1,0,4,1,2,43,1732
"1733",1,0,4,3,2,33,1733
"1734",1,1,5,3,3,23,1734
"1735",1,0,1,1,1,36,1735
"1736",1,0,5,1,1,27,1736
"1737",0,0,7,1,2,4,1737
"1738",1,0,6,3,2,39,1738
"1739",1,0,5,2,1,40,1739
"1740",1,0,7,3,1,24,1740
"1741",0,1,6,2,2,42,1741
"1742",1,0,7,3,2,1,1742
"1743",1,0,7,3,2,20,1743
"1744",1,0,7,1,1,15,1744
"1745",1,0,7,3,2,23,1745
"1746",0,0,7,3,2,6,1746
"1747",0,1,7,2,2,2,1747
"1748",1,0,1,3,2,1,1748
"1749",1,0,3,1,1,33,1749
"1750",1,0,5,3,1,31,1750
"1751",1,0,6,1,3,1,1751
"1752",1,0,4,2,1,50,1752
"1753",1,0,7,2,1,47,1753
"1754",1,1,6,3,3,26,1754
"1755",0,0,2,3,1,26,1755
"1756",0,0,6,1,3,12,1756
"1757",0,1,3,3,2,26,1757
"1758",1,0,7,3,1,10,1758
"1759",0,0,4,3,1,6,1759
"1760",1,0,7,1,2,44,1760
"1761",0,0,5,1,1,25,1761
"1762",0,1,7,1,2,29,1762
"1763",1,1,7,1,1,28,1763
"1764",0,0,6,3,2,5,1764
"1765",1,0,1,1,1,11,1765
"1766",1,1,6,3,2,49,1766
"1767",0,0,6,3,1,26,1767
"1768",1,0,5,3,1,25,1768
"1769",1,1,6,1,1,19,1769
"1770",0,1,7,3,3,23,1770
"1771",0,0,6,3,2,28,1771
"1772",1,0,4,1,1,44,1772
"1773",1,0,5,3,2,28,1773
"1774",1,0,7,2,2,20,1774
"1775",1,1,7,3,3,42,1775
"1776",1,0,3,3,3,48,1776
"1777",0,1,5,3,2,4,1777
"1778",1,0,6,3,2,46,1778
"1779",0,1,1,2,1,17,1779
"1780",1,0,6,2,1,2,1780
"1781",0,1,5,2,1,42,1781
"1782",1,0,6,3,1,31,1782
"1783",1,0,6,2,3,15,1783
"1784",1,0,6,3,1,11,1784
"1785",0,0,2,3,2,42,1785
"1786",1,0,1,3,1,40,1786
"1787",1,1,7,3,3,50,1787
"1788",1,0,7,1,1,26,1788
"1789",1,0,6,1,2,11,1789
"1790",0,1,7,2,1,8,1790
"1791",1,1,1,3,2,25,1791
"1792",0,0,1,1,2,47,1792
"1793",1,0,5,1,1,1,1793
"1794",1,0,6,3,3,43,1794
"1795",0,0,7,1,1,26,1795
"1796",1,0,7,3,2,44,1796
"1797",1,0,7,2,2,15,1797
"1798",0,0,6,1,1,12,1798
"1799",1,1,4,1,1,34,1799
"1800",1,0,5,1,1,12,1800
"1801",1,1,7,3,2,43,1801
"1802",1,0,3,1,2,28,1802
"1803",0,1,6,3,2,17,1803
"1804",0,1,7,3,1,44,1804
"1805",1,0,5,3,1,32,1805
"1806",1,0,7,3,1,25,1806
"1807",1,0,4,3,3,5,1807
"1808",1,0,6,2,3,2,1808
"1809",1,0,7,3,1,37,1809
"1810",1,0,4,3,1,3,1810
"1811",1,1,3,3,2,37,1811
"1812",1,1,1,2,1,39,1812
"1813",1,1,7,2,3,42,1813
"1814",1,0,7,1,1,37,1814
"1815",1,0,5,3,1,43,1815
"1816",1,0,7,1,3,20,1816
"1817",1,1,7,3,3,11,1817
"1818",0,0,3,1,2,17,1818
"1819",1,1,7,3,1,29,1819
"1820",1,1,7,3,3,28,1820
"1821",1,0,6,3,1,24,1821
"1822",1,0,6,3,1,17,1822
"1823",0,1,6,1,2,36,1823
"1824",1,0,3,3,1,43,1824
"1825",1,0,6,3,1,24,1825
"1826",1,0,4,3,2,31,1826
"1827",0,1,7,2,1,12,1827
"1828",1,1,7,1,1,43,1828
"1829",1,0,7,3,1,50,1829
"1830",0,0,3,1,3,12,1830
"1831",1,0,6,1,1,40,1831
"1832",1,0,7,3,3,5,1832
"1833",1,0,4,1,1,33,1833
"1834",1,0,7,3,1,47,1834
"1835",0,0,1,1,1,6,1835
"1836",1,0,4,3,3,23,1836
"1837",1,0,3,3,1,8,1837
"1838",0,0,6,1,1,12,1838
"1839",1,1,7,1,1,28,1839
"1840",1,0,7,1,1,26,1840
"1841",1,1,4,3,1,11,1841
"1842",1,0,4,1,2,5,1842
"1843",0,1,4,1,2,43,1843
"1844",1,0,6,3,3,26,1844
"1845",1,0,7,2,1,13,1845
"1846",0,0,7,1,1,42,1846
"1847",1,1,7,3,2,42,1847
"1848",1,0,7,2,1,23,1848
"1849",0,1,7,1,1,15,1849
"1850",1,0,7,2,1,43,1850
"1851",1,1,7,1,1,24,1851
"1852",1,1,4,3,2,23,1852
"1853",1,1,7,1,1,20,1853
"1854",1,0,7,1,2,50,1854
"1855",0,1,2,3,2,7,1855
"1856",1,0,7,1,2,13,1856
"1857",0,1,6,1,2,37,1857
"1858",0,0,7,1,1,50,1858
"1859",1,0,7,2,2,26,1859
"1860",0,0,3,2,1,26,1860
"1861",0,0,5,3,3,7,1861
"1862",0,0,6,1,3,7,1862
"1863",1,0,7,2,2,1,1863
"1864",1,0,7,3,2,2,1864
"1865",0,0,7,1,1,38,1865
"1866",0,1,6,1,1,42,1866
"1867",1,1,7,2,2,24,1867
"1868",1,0,1,1,1,40,1868
"1869",0,1,4,1,1,23,1869
"1870",1,0,4,1,1,26,1870
"1871",0,1,1,1,2,10,1871
"1872",0,0,7,1,2,23,1872
"1873",1,0,6,3,1,29,1873
"1874",0,1,7,1,1,50,1874
"1875",0,0,7,3,2,25,1875
"1876",0,0,3,1,3,44,1876
"1877",1,0,7,3,1,11,1877
"1878",1,1,6,1,1,45,1878
"1879",1,0,6,3,2,4,1879
"1880",1,0,4,2,2,20,1880
"1881",1,0,1,3,1,34,1881
"1882",1,0,7,3,1,15,1882
"1883",1,0,1,3,2,34,1883
"1884",0,1,6,1,2,29,1884
"1885",1,0,4,3,1,12,1885
"1886",1,1,7,3,1,42,1886
"1887",0,0,3,1,1,12,1887
"1888",1,1,6,3,3,38,1888
"1889",1,0,7,2,1,37,1889
"1890",1,0,7,3,3,6,1890
"1891",1,0,6,2,3,24,1891
"1892",1,0,7,3,2,4,1892
"1893",0,0,5,1,2,26,1893
"1894",1,0,6,1,3,6,1894
"1895",0,1,7,3,2,44,1895
"1896",0,0,1,3,1,26,1896
"1897",1,1,5,1,2,50,1897
"1898",0,0,1,1,2,37,1898
"1899",0,0,7,2,1,42,1899
"1900",1,0,7,3,3,26,1900
"1901",0,0,5,1,1,6,1901
"1902",0,1,3,3,3,42,1902
"1903",1,0,5,2,1,40,1903
"1904",1,1,6,3,3,20,1904
"1905",0,1,4,3,1,6,1905
"1906",1,0,3,2,1,28,1906
"1907",1,0,7,1,2,34,1907
"1908",1,1,1,1,3,28,1908
"1909",1,0,4,3,2,49,1909
"1910",1,0,5,3,3,42,1910
"1911",1,0,1,3,2,9,1911
"1912",1,0,4,1,1,43,1912
"1913",1,0,7,3,1,49,1913
"1914",1,0,6,1,2,34,1914
"1915",1,0,6,3,1,32,1915
"1916",1,0,4,3,1,2,1916
"1917",1,0,7,3,1,46,1917
"1918",1,0,6,2,1,47,1918
"1919",1,0,6,1,3,37,1919
"1920",0,0,7,2,1,28,1920
"1921",0,0,7,1,1,1,1921
"1922",1,0,6,3,1,28,1922
"1923",1,0,7,3,1,28,1923
"1924",0,0,6,1,2,43,1924
"1925",0,1,7,2,2,37,1925
"1926",1,1,6,3,2,40,1926
"1927",1,0,7,1,1,7,1927
"1928",1,0,5,3,1,1,1928
"1929",1,0,6,2,1,50,1929
"1930",0,1,7,1,1,4,1930
"1931",0,1,6,1,1,42,1931
"1932",1,0,5,1,1,11,1932
"1933",1,0,7,3,3,11,1933
"1934",1,0,7,1,1,21,1934
"1935",0,1,4,1,2,34,1935
"1936",0,0,5,3,1,4,1936
"1937",1,0,6,2,1,37,1937
"1938",1,0,7,3,1,34,1938
"1939",1,0,6,3,1,1,1939
"1940",1,0,7,2,3,31,1940
"1941",1,1,7,3,3,20,1941
"1942",1,0,7,3,1,37,1942
"1943",1,1,3,3,1,20,1943
"1944",0,0,1,3,2,1,1944
"1945",1,0,7,3,1,33,1945
"1946",1,0,4,3,1,33,1946
"1947",0,0,2,1,2,40,1947
"1948",1,0,4,3,1,28,1948
"1949",1,0,7,1,1,24,1949
"1950",0,0,7,3,2,20,1950
"1951",1,0,6,1,1,15,1951
"1952",1,1,4,3,1,28,1952
"1953",1,0,4,2,1,25,1953
"1954",0,1,5,3,3,16,1954
"1955",0,1,5,2,2,29,1955
"1956",0,0,1,1,1,29,1956
"1957",0,1,3,3,1,37,1957
"1958",1,0,7,3,2,21,1958
"1959",0,1,6,2,3,26,1959
"1960",0,1,6,3,1,1,1960
"1961",0,1,4,2,1,23,1961
"1962",0,0,6,3,1,44,1962
"1963",0,1,7,3,2,17,1963
"1964",1,0,7,3,2,4,1964
"1965",1,1,7,2,1,6,1965
"1966",0,1,1,3,1,2,1966
"1967",0,1,6,3,3,20,1967
"1968",1,0,7,2,1,50,1968
"1969",1,0,7,2,1,32,1969
"1970",1,0,6,3,1,43,1970
"1971",0,0,7,2,3,45,1971
"1972",0,0,5,3,1,29,1972
"1973",0,1,7,3,1,32,1973
"1974",1,0,6,1,2,12,1974
"1975",0,1,1,1,1,34,1975
"1976",1,0,7,1,2,26,1976
"1977",0,0,3,3,2,12,1977
"1978",1,0,5,1,1,20,1978
"1979",1,0,5,1,2,20,1979
"1980",1,0,3,1,1,23,1980
"1981",1,0,7,3,1,50,1981
"1982",0,1,6,1,2,23,1982
"1983",0,0,6,2,1,42,1983
"1984",1,0,7,3,1,19,1984
"1985",0,0,4,1,3,26,1985
"1986",1,1,6,2,3,42,1986
"1987",1,0,7,3,1,18,1987
"1988",0,0,3,3,1,47,1988
"1989",0,0,4,1,2,6,1989
"1990",1,0,6,2,1,40,1990
"1991",1,0,5,1,3,37,1991
"1992",1,0,7,3,2,20,1992
"1993",1,0,4,3,1,34,1993
"1994",1,0,7,3,2,25,1994
"1995",1,1,7,1,1,11,1995
"1996",0,1,7,3,1,17,1996
"1997",1,0,4,3,2,15,1997
"1998",0,0,1,1,2,23,1998
"1999",0,0,5,2,1,1,1999
"2000",1,0,1,3,2,6,2000
"2001",1,0,4,2,2,29,2001
"2002",1,0,6,1,1,50,2002
"2003",0,0,6,1,1,4,2003
"2004",1,0,4,1,1,1,2004
"2005",1,1,7,3,1,17,2005
"2006",1,1,7,1,1,11,2006
"2007",1,1,7,3,1,29,2007
"2008",1,0,5,3,2,20,2008
"2009",1,1,2,1,2,37,2009
"2010",0,1,7,3,1,42,2010
"2011",1,0,6,3,3,45,2011
"2012",1,0,7,1,1,29,2012
"2013",1,0,7,3,1,45,2013
"2014",0,1,5,3,3,12,2014
"2015",0,0,1,3,1,17,2015
"2016",0,1,1,3,1,2,2016
"2017",1,0,7,1,1,34,2017
"2018",1,0,7,3,2,15,2018
"2019",1,0,7,3,2,10,2019
"2020",1,1,6,3,2,35,2020
"2021",0,0,6,1,2,42,2021
"2022",1,0,7,2,2,24,2022
"2023",1,0,2,3,1,29,2023
"2024",1,0,6,1,2,17,2024
"2025",1,0,1,2,1,47,2025
"2026",1,0,7,3,3,40,2026
"2027",0,0,4,3,2,17,2027
"2028",0,0,5,3,3,26,2028
"2029",1,0,4,2,3,28,2029
"2030",1,1,7,3,2,40,2030
"2031",0,0,4,3,1,12,2031
"2032",1,1,5,3,1,50,2032
"2033",0,0,5,1,1,17,2033
"2034",0,1,6,3,2,26,2034
"2035",1,0,7,1,2,34,2035
"2036",1,0,5,1,1,25,2036
"2037",1,0,7,1,1,26,2037
"2038",0,0,4,1,1,17,2038
"2039",0,0,2,2,1,3,2039
"2040",0,0,1,1,3,46,2040
"2041",1,0,5,1,1,37,2041
"2042",1,1,7,1,1,44,2042
"2043",1,0,7,1,3,37,2043
"2044",1,0,6,3,1,12,2044
"2045",0,1,7,2,2,17,2045
"2046",1,0,7,3,3,20,2046
"2047",1,1,4,3,1,17,2047
"2048",1,1,3,2,2,8,2048
"2049",0,0,6,2,2,44,2049
"2050",0,1,6,1,1,25,2050
"2051",1,0,1,3,1,29,2051
"2052",0,0,6,2,2,12,2052
"2053",0,1,4,1,2,40,2053
"2054",1,1,2,2,2,20,2054
"2055",1,0,7,3,1,31,2055
"2056",0,1,7,1,2,29,2056
"2057",0,1,3,2,1,14,2057
"2058",0,0,2,3,1,2,2058
"2059",1,0,1,2,1,34,2059
"2060",1,0,7,3,3,43,2060
"2061",0,1,4,3,1,17,2061
"2062",1,0,7,1,2,1,2062
"2063",1,0,7,3,1,41,2063
"2064",0,0,5,2,1,4,2064
"2065",1,0,4,3,1,10,2065
"2066",1,0,6,1,1,11,2066
"2067",0,0,4,3,1,46,2067
"2068",1,0,7,3,1,20,2068
"2069",1,0,6,1,1,43,2069
"2070",1,0,5,3,1,12,2070
"2071",1,1,7,1,2,12,2071
"2072",1,1,6,2,1,42,2072
"2073",0,1,7,3,2,25,2073
"2074",0,0,5,3,3,36,2074
"2075",0,1,7,2,1,4,2075
"2076",0,0,7,3,2,2,2076
"2077",1,0,7,3,2,34,2077
"2078",1,0,4,1,3,13,2078
"2079",1,0,6,1,1,33,2079
"2080",1,0,6,3,1,25,2080
"2081",1,0,6,3,2,12,2081
"2082",1,0,6,2,1,29,2082
"2083",1,0,6,3,1,23,2083
"2084",0,0,7,1,2,23,2084
"2085",1,0,5,1,2,16,2085
"2086",1,0,7,3,1,15,2086
"2087",0,1,4,3,1,15,2087
"2088",1,0,7,3,1,1,2088
"2089",1,0,7,3,1,7,2089
"2090",1,0,5,1,1,28,2090
"2091",1,0,5,3,2,29,2091
"2092",1,0,7,3,1,31,2092
"2093",1,1,5,1,1,23,2093
"2094",1,0,7,2,1,25,2094
"2095",1,0,7,1,2,47,2095
"2096",1,0,3,3,3,21,2096
"2097",1,0,5,3,1,40,2097
"2098",0,0,6,1,1,2,2098
"2099",1,0,6,3,1,1,2099
"2100",1,0,5,3,1,17,2100
"2101",0,1,5,2,1,12,2101
"2102",1,0,6,3,1,39,2102
"2103",0,0,7,3,1,15,2103
"2104",1,1,7,2,2,45,2104
"2105",1,0,4,3,1,20,2105
"2106",0,0,7,3,2,13,2106
"2107",0,0,4,2,2,1,2107
"2108",1,0,5,3,2,3,2108
"2109",1,1,7,3,3,38,2109
"2110",1,0,5,1,2,20,2110
"2111",0,0,1,3,1,42,2111
"2112",0,1,7,3,1,13,2112
"2113",1,0,7,3,2,2,2113
"2114",1,0,7,2,2,2,2114
"2115",1,1,6,2,1,42,2115
"2116",0,0,3,3,1,35,2116
"2117",1,0,7,3,1,26,2117
"2118",1,0,5,3,3,7,2118
"2119",1,0,4,2,1,42,2119
"2120",0,1,1,1,1,6,2120
"2121",1,1,6,1,3,28,2121
"2122",0,0,5,1,2,20,2122
"2123",0,0,3,3,2,40,2123
"2124",1,0,3,2,1,6,2124
"2125",1,0,6,3,1,1,2125
"2126",1,1,7,2,1,20,2126
"2127",0,0,3,1,1,11,2127
"2128",0,1,4,3,2,23,2128
"2129",1,1,6,3,2,23,2129
"2130",0,0,5,1,3,5,2130
"2131",1,0,1,3,1,32,2131
"2132",0,0,6,3,1,50,2132
"2133",1,1,3,2,1,20,2133
"2134",0,0,6,1,2,13,2134
"2135",1,0,5,1,2,40,2135
"2136",0,0,3,3,1,11,2136
"2137",1,0,5,3,1,35,2137
"2138",1,0,5,3,3,17,2138
"2139",1,1,3,1,3,45,2139
"2140",0,1,1,3,1,37,2140
"2141",1,0,7,1,1,15,2141
"2142",1,0,7,2,1,16,2142
"2143",0,0,5,1,1,50,2143
"2144",1,0,7,1,1,37,2144
"2145",1,0,6,1,1,4,2145
"2146",1,1,7,1,1,34,2146
"2147",1,0,4,2,2,1,2147
"2148",0,0,4,3,2,23,2148
"2149",1,1,3,3,1,26,2149
"2150",0,1,6,2,1,21,2150
"2151",1,0,3,3,1,32,2151
"2152",1,0,1,1,2,44,2152
"2153",1,0,7,3,1,15,2153
"2154",1,0,7,3,2,43,2154
"2155",1,0,7,3,1,42,2155
"2156",1,0,3,2,1,50,2156
"2157",1,0,6,3,3,14,2157
"2158",0,0,6,3,2,26,2158
"2159",1,0,5,3,1,45,2159
"2160",1,0,7,2,2,23,2160
"2161",1,0,1,3,1,20,2161
"2162",1,0,7,1,3,28,2162
"2163",1,0,7,3,2,50,2163
"2164",1,0,7,3,2,15,2164
"2165",1,0,7,3,1,49,2165
"2166",1,0,7,3,1,20,2166
"2167",1,0,1,2,2,11,2167
"2168",1,0,5,3,1,31,2168
"2169",0,1,7,1,2,42,2169
"2170",1,0,7,1,2,8,2170
"2171",1,0,7,2,2,2,2171
"2172",1,1,7,3,1,40,2172
"2173",0,1,7,3,2,6,2173
"2174",1,0,6,3,1,26,2174
"2175",1,0,6,3,1,47,2175
"2176",1,0,3,3,1,24,2176
"2177",1,0,7,3,3,24,2177
"2178",0,1,3,2,1,3,2178
"2179",1,1,7,3,1,34,2179
"2180",1,0,5,3,2,47,2180
"2181",0,1,4,3,1,11,2181
"2182",0,1,6,3,1,6,2182
"2183",0,0,5,1,1,29,2183
"2184",1,0,3,1,3,24,2184
"2185",1,1,5,3,1,34,2185
"2186",1,0,7,1,2,13,2186
"2187",1,0,6,3,2,12,2187
"2188",1,1,7,3,2,7,2188
"2189",0,1,4,1,2,1,2189
"2190",1,0,7,3,1,28,2190
"2191",1,0,7,3,1,11,2191
"2192",1,0,7,2,1,26,2192
"2193",1,0,7,1,2,25,2193
"2194",1,0,4,1,2,50,2194
"2195",1,0,7,2,1,21,2195
"2196",1,1,3,2,2,8,2196
"2197",0,1,6,2,2,26,2197
"2198",1,0,7,1,2,23,2198
"2199",0,1,3,2,1,31,2199
"2200",1,0,7,1,1,34,2200
"2201",1,0,7,2,3,10,2201
"2202",1,0,5,3,2,13,2202
"2203",0,1,5,1,1,1,2203
"2204",1,0,7,2,2,1,2204
"2205",0,1,7,3,2,25,2205
"2206",1,0,5,1,1,15,2206
"2207",0,1,7,1,1,30,2207
"2208",1,0,5,2,1,34,2208
"2209",1,0,7,3,1,23,2209
"2210",1,0,7,1,1,21,2210
"2211",0,0,5,2,2,26,2211
"2212",0,1,5,2,1,13,2212
"2213",1,0,4,1,1,40,2213
"2214",1,0,6,1,2,14,2214
"2215",1,0,7,3,2,28,2215
"2216",1,0,4,3,1,42,2216
"2217",1,0,1,3,2,6,2217
"2218",1,1,7,2,1,17,2218
"2219",1,1,7,3,1,44,2219
"2220",1,0,1,3,1,29,2220
"2221",1,0,5,3,2,34,2221
"2222",1,0,7,2,3,37,2222
"2223",1,1,3,1,1,29,2223
"2224",1,1,7,1,3,42,2224
"2225",1,0,6,1,2,23,2225
"2226",1,0,6,3,1,23,2226
"2227",0,0,6,2,2,12,2227
"2228",0,1,4,3,1,23,2228
"2229",1,0,4,1,2,20,2229
"2230",0,0,1,1,1,47,2230
"2231",1,0,4,2,2,37,2231
"2232",1,0,3,1,1,12,2232
"2233",0,1,5,1,1,25,2233
"2234",0,1,6,3,1,45,2234
"2235",1,0,6,3,2,17,2235
"2236",1,0,6,3,1,50,2236
"2237",1,0,5,3,2,18,2237
"2238",1,0,6,3,3,29,2238
"2239",0,0,7,3,1,39,2239
"2240",0,0,7,3,2,50,2240
"2241",0,0,5,2,2,23,2241
"2242",1,1,4,2,1,1,2242
"2243",1,0,7,3,2,26,2243
"2244",1,1,6,1,2,20,2244
"2245",1,0,7,3,2,50,2245
"2246",0,1,1,1,1,11,2246
"2247",1,1,7,2,3,6,2247
"2248",1,1,7,3,2,50,2248
"2249",1,0,2,3,1,13,2249
"2250",0,1,7,3,2,17,2250
"2251",0,0,4,1,1,40,2251
"2252",0,0,1,1,2,17,2252
"2253",1,0,7,3,1,42,2253
"2254",0,0,5,2,2,26,2254
"2255",1,0,6,1,1,11,2255
"2256",0,1,4,1,1,5,2256
"2257",1,0,6,3,2,12,2257
"2258",0,0,4,1,2,29,2258
"2259",1,0,6,3,1,45,2259
"2260",0,1,3,1,1,6,2260
"2261",1,0,5,1,1,40,2261
"2262",0,0,4,3,2,50,2262
"2263",1,1,6,3,2,5,2263
"2264",0,0,7,2,1,6,2264
"2265",1,1,7,1,2,1,2265
"2266",1,0,7,3,3,26,2266
"2267",0,0,6,1,3,1,2267
"2268",1,0,7,3,1,1,2268
"2269",1,0,6,3,1,9,2269
"2270",1,0,6,1,1,31,2270
"2271",1,0,7,1,2,19,2271
"2272",0,1,3,1,1,4,2272
"2273",1,0,4,2,1,17,2273
"2274",1,0,5,2,3,36,2274
"2275",1,0,7,2,1,24,2275
"2276",1,0,6,3,1,34,2276
"2277",0,0,7,3,2,42,2277
"2278",0,0,5,3,3,44,2278
"2279",1,0,5,1,3,15,2279
"2280",1,0,7,1,1,3,2280
"2281",0,0,7,3,2,4,2281
"2282",1,0,5,3,3,5,2282
"2283",1,0,4,3,1,42,2283
"2284",1,1,1,3,2,18,2284
"2285",0,1,7,1,2,45,2285
"2286",1,0,4,2,2,26,2286
"2287",0,1,4,3,1,42,2287
"2288",1,0,5,1,1,15,2288
"2289",0,1,7,2,2,34,2289
"2290",1,1,7,1,2,24,2290
"2291",0,0,4,3,2,37,2291
"2292",1,0,1,3,2,34,2292
"2293",1,0,5,3,1,40,2293
"2294",1,0,7,1,2,5,2294
"2295",1,0,4,1,3,2,2295
"2296",1,0,7,3,1,20,2296
"2297",1,0,7,2,2,12,2297
"2298",1,0,7,2,3,50,2298
"2299",1,0,7,3,3,1,2299
"2300",1,1,5,1,2,32,2300
"2301",1,1,4,2,1,37,2301
"2302",0,0,7,1,2,25,2302
"2303",1,0,4,3,2,1,2303
"2304",1,0,5,3,1,46,2304
"2305",0,1,3,1,1,13,2305
"2306",1,0,7,1,3,28,2306
"2307",1,0,1,3,1,45,2307
"2308",0,1,1,1,3,15,2308
"2309",1,0,5,3,2,32,2309
"2310",1,0,3,3,1,17,2310
"2311",0,1,1,2,1,40,2311
"2312",1,0,4,3,1,33,2312
"2313",0,0,4,2,2,28,2313
"2314",1,0,4,2,1,45,2314
"2315",1,0,7,1,1,44,2315
"2316",1,0,6,3,1,6,2316
"2317",1,0,1,3,2,20,2317
"2318",1,0,5,3,2,32,2318
"2319",1,1,4,3,3,14,2319
"2320",1,0,3,1,1,5,2320
"2321",0,1,5,2,1,47,2321
"2322",1,1,6,1,1,29,2322
"2323",1,0,3,3,2,15,2323
"2324",1,0,5,3,2,28,2324
"2325",1,0,6,3,1,41,2325
"2326",1,0,7,3,2,26,2326
"2327",1,1,7,3,1,23,2327
"2328",1,0,4,2,1,12,2328
"2329",1,0,6,3,1,3,2329
"2330",0,0,6,3,1,26,2330
"2331",1,0,7,3,1,48,2331
"2332",1,1,1,3,2,15,2332
"2333",1,0,1,1,1,6,2333
"2334",0,1,5,1,1,6,2334
"2335",1,0,4,3,1,37,2335
"2336",0,1,3,1,1,13,2336
"2337",0,0,6,3,1,37,2337
"2338",1,0,7,1,1,34,2338
"2339",0,0,7,3,2,44,2339
"2340",1,0,6,3,1,39,2340
"2341",1,1,5,3,2,8,2341
"2342",0,0,4,1,2,23,2342
"2343",1,0,7,2,2,25,2343
"2344",0,0,3,1,2,38,2344
"2345",1,0,4,3,1,40,2345
"2346",1,0,2,3,3,9,2346
"2347",0,0,7,3,2,13,2347
"2348",1,0,6,1,1,32,2348
"2349",1,0,6,3,1,11,2349
"2350",0,0,5,3,2,12,2350
